qubits,error_budget,threshold_physical_2q,degree_physical_2q,degree_reduction_pct,degree_error,degree_swaps,degree_depth,selective_physical_2q,selective_error,selective_swaps,selective_depth
3,0.01,7,7,0.00,0.000000,1,15,7,0.000000,1,15
3,0.05,7,7,0.00,0.000000,1,15,7,0.000000,1,15
3,0.10,7,7,0.00,0.000000,1,15,7,0.000000,1,15
3,0.20,4,4,0.00,0.109835,0,9,4,0.109835,0,9
4,0.01,16,16,0.00,0.000000,4,26,16,0.000000,4,26
4,0.05,12,12,0.00,0.028545,2,25,12,0.028545,2,25
4,0.10,12,12,0.00,0.028545,2,25,12,0.028545,2,25
4,0.20,12,9,25.00,0.168025,1,19,9,0.168025,1,19
5,0.01,26,26,0.00,0.007206,8,42,26,0.007206,8,42
5,0.05,26,21,19.23,0.044809,5,36,21,0.044809,5,36
5,0.10,18,18,0.00,0.080809,4,35,18,0.080809,4,35
5,0.20,18,18,0.00,0.080809,4,35,18,0.080809,4,35
6,0.01,42,42,0.00,0.001806,14,54,42,0.001806,14,54
6,0.05,36,36,0.00,0.020859,12,54,36,0.020859,12,54
6,0.10,36,32,11.11,0.062487,10,47,32,0.053449,8,49
6,0.20,24,24,0.00,0.143952,6,45,24,0.143952,6,45
8,0.01,72,72,0.00,0.009702,28,88,72,0.009702,28,88
8,0.05,72,65,9.72,0.033839,25,72,65,0.033839,25,72
8,0.10,62,62,0.00,0.057350,26,79,61,0.050259,23,75
8,0.20,62,47,24.19,0.195896,17,70,47,0.185907,15,72
