qubits,degree,total_gates,depth,two_qubit_gates,fidelity,error
3,0,6,5,3,1.0000000000,0.0000000000
3,1,5,5,2,0.8901650429,0.1098349571
3,2,4,3,1,0.4816941738,0.5183058262
3,3,3,1,0,0.2839308262,0.7160691738
4,0,10,7,6,1.0000000000,0.0000000000
4,1,9,7,5,0.9714548247,0.0285451753
4,2,8,7,4,0.8319754555,0.1680245445
4,3,7,7,3,0.7150440309,0.2849559691
4,4,6,5,2,0.3625586132,0.6374413868
4,5,5,3,1,0.2032833700,0.7967166300
4,6,4,1,0,0.1175623795,0.8824376205
5,0,15,9,10,1.0000000000,0.0000000000
5,1,14,9,9,0.9927944802,0.0072055198
5,2,13,9,8,0.9551913194,0.0448086806
5,3,12,9,7,0.9191908568,0.0808091432
5,4,11,9,6,0.7721142831,0.2278857169
5,5,10,9,5,0.6413043934,0.3586956066
5,6,9,9,4,0.5423539506,0.4576460494
5,7,8,7,3,0.2673957366,0.7326042634
5,8,7,5,2,0.1471928822,0.8528071178
5,9,6,3,1,0.0822752449,0.9177247551
5,10,5,1,0,0.0470288698,0.9529711302
6,0,21,11,15,1.0000000000,0.0000000000
6,1,20,11,14,0.9981942725,0.0018057275
6,2,19,11,13,0.9886158265,0.0113841735
6,3,18,11,12,0.9791407890,0.0208592110
6,4,17,11,11,0.9375126264,0.0624873736
6,5,16,11,10,0.8937308827,0.1062691173
6,6,15,11,9,0.8560482415,0.1439517585
6,7,14,11,8,0.7122054468,0.2877945532
6,8,13,11,7,0.5815652326,0.4184347674
6,9,12,11,6,0.4763569459,0.5236430541
6,10,11,11,5,0.3998717415,0.6001282585
6,11,10,9,4,0.1947173262,0.8052826738
6,12,9,7,3,0.1064129550,0.8935870450
6,13,8,5,2,0.0588546962,0.9411453038
6,14,7,3,1,0.0327245501,0.9672754499
6,15,6,1,0,0.0185924706,0.9814075294
8,0,36,15,28,1.0000000000,0.0000000000
8,1,35,15,27,0.9998870570,0.0001129430
8,2,34,15,26,0.9992848985,0.0007151015
8,3,33,15,25,0.9986831479,0.0013168521
8,4,32,15,24,0.9959793121,0.0040206879
8,5,31,15,23,0.9929852985,0.0070147015
8,6,30,15,22,0.9902982412,0.0097017588
8,7,29,15,21,0.9790234003,0.0209765997
8,8,28,15,20,0.9661613383,0.0338386617
8,9,27,15,19,0.9534784136,0.0465215864
8,10,26,15,18,0.9426501948,0.0573498052
8,11,25,15,17,0.8993145289,0.1006854711
8,12,24,15,16,0.8512817411,0.1487182589
8,13,23,15,15,0.8041040090,0.1958959910
8,14,22,15,14,0.7613822990,0.2386177010
8,15,21,15,13,0.7267853992,0.2732146008
8,16,20,15,12,0.6003974283,0.3996025717
8,17,19,15,11,0.4841433775,0.5158566225
8,18,18,15,10,0.3872013125,0.6127986875
8,19,17,15,9,0.3102761161,0.6897238839
8,20,16,15,8,0.2517628227,0.7482371773
8,21,15,15,7,0.2102661898,0.7897338102
8,22,14,13,6,0.1015383360,0.8984616640
8,23,13,11,5,0.0552390106,0.9447609894
8,24,12,9,4,0.0304093630,0.9695906370
8,25,11,7,3,0.0167422941,0.9832577059
8,26,10,5,2,0.0092104244,0.9907895756
8,27,9,3,1,0.0050900992,0.9949099008
8,28,8,1,0,0.0028799498,0.9971200502
