qubits,threshold,total_gates,depth,two_qubit_gates,fidelity,error
3,0.0000000000,6,5,3,1.0000000000,0.0000000000
3,0.1963495408,6,5,3,1.0000000000,0.0000000000
3,0.3926990817,6,5,3,1.0000000000,0.0000000000
3,0.7853981634,5,5,2,0.8901650429,0.1098349571
3,1.5707963268,3,1,0,0.2839308262,0.7160691738
4,0.0000000000,10,7,6,1.0000000000,0.0000000000
4,0.1963495408,10,7,6,1.0000000000,0.0000000000
4,0.3926990817,9,7,5,0.9714548247,0.0285451753
4,0.7853981634,7,7,3,0.7150440309,0.2849559691
4,1.5707963268,4,1,0,0.1175623795,0.8824376205
5,0.0000000000,15,9,10,1.0000000000,0.0000000000
5,0.1963495408,14,9,9,0.9927944802,0.0072055198
5,0.3926990817,12,9,7,0.9191908568,0.0808091432
5,0.7853981634,9,9,4,0.5423539506,0.4576460494
5,1.5707963268,5,1,0,0.0470288698,0.9529711302
6,0.0000000000,21,11,15,1.0000000000,0.0000000000
6,0.1963495408,18,11,12,0.9791407890,0.0208592110
6,0.3926990817,15,11,9,0.8560482415,0.1439517585
6,0.7853981634,11,11,5,0.3998717415,0.6001282585
6,1.5707963268,6,1,0,0.0185924706,0.9814075294
8,0.0000000000,36,15,28,1.0000000000,0.0000000000
8,0.1963495408,26,15,18,0.9426501948,0.0573498052
8,0.3926990817,21,15,13,0.7267853992,0.2732146008
8,0.7853981634,15,15,7,0.2102661898,0.7897338102
8,1.5707963268,8,1,0,0.0028799498,0.9971200502
