qubits,error_budget,threshold_2q,degree_2q,selective_2q,conventional_best_2q,selective_improvement_percent,selective_error,selective_swaps,conventional_best_swaps,selective_depth,conventional_best_depth
5,0.01,26,26,26,26,0.0,0.0072055198487891,8,8,42,42
5,0.05,26,21,21,21,0.0,0.0448086806436549,5,5,36,36
5,0.1,18,18,18,18,0.0,0.0808091432041789,4,4,35,35
5,0.2,18,18,17,18,5.555555555555555,0.1655515726055094,3,4,30,35
6,0.01,42,42,40,42,4.761904761904762,0.0072055198487904,12,14,54,54
6,0.05,36,36,33,36,8.333333333333332,0.0488004837766247,9,12,46,54
6,0.1,36,32,28,32,12.5,0.0847772242261781,6,10,44,47
6,0.2,24,24,24,24,0.0,0.1439517584601756,6,6,45,45
8,0.01,72,72,72,72,0.0,0.0097017588219872,28,28,88,88
8,0.05,72,65,63,65,3.076923076923077,0.0431117006570943,23,25,75,72
8,0.1,62,62,61,62,1.6129032258064515,0.0502586451654739,23,26,75,79
8,0.2,62,47,61,47,-29.78723404255319,0.0502586451654739,23,17,75,70
