method,parameter,error,logical_2q,physical_2q,swaps,depth,removed_count
degree,0,4.440892098500626e-16,10,28,8,42,
degree,1,0.007205519848789144,9,26,8,42,
degree,2,0.04480868064365495,8,21,5,36,
degree,3,0.08080914320417898,7,18,4,35,
degree,4,0.22788571686294268,6,14,2,29,
degree,5,0.3586956066251591,5,11,1,23,
degree,6,0.45764604939572984,4,8,0,17,
degree,7,0.7326042634334208,3,6,0,13,
degree,8,0.8528071177612123,2,4,0,9,
degree,9,0.9177247551282657,1,2,0,5,
degree,10,0.952971130236295,0,0,0,1,
threshold,0,4.440892098500626e-16,10,28,8,42,
threshold,0.19634954084936207,0.007205519848789144,9,26,8,42,
threshold,0.39269908169872414,0.08080914320417898,7,18,4,35,
threshold,0.7853981633974483,0.45764604939572984,4,8,0,17,
threshold,1.5707963267948966,0.952971130236295,0,0,0,1,
selective,,4.440892098500626e-16,10,28,8,42,0
selective,3->4,0.37500000000000044,9,26,8,38,1
selective,2->4,0.10983495705504576,9,26,8,39,1
selective,1->4,0.028545175308268278,9,26,8,42,1
selective,0->4,0.007205519848789144,9,26,8,42,1
selective,2->3,0.37500000000000044,9,26,8,40,1
selective,1->3,0.10983495705504576,9,25,7,36,1
selective,0->3,0.028545175308268278,9,24,6,36,1
selective,1->2,0.37500000000000044,9,25,7,36,1
selective,0->2,0.10983495705504576,9,24,6,39,1
selective,0->1,0.37500000000000044,9,25,7,39,1
selective,"3->4,2->4",0.5183058261758413,8,24,8,35,2
selective,"3->4,1->4",0.4371080166997703,8,24,8,38,2
selective,"3->4,0->4",0.40298905017641073,8,24,8,38,2
selective,"3->4,2->3",0.6093750000000002,8,24,8,36,2
selective,"3->4,1->3",0.4436468481594035,8,23,7,32,2
selective,"3->4,0->3",0.39284073456766766,8,22,6,32,2
selective,"3->4,1->2",0.6093750000000002,8,23,7,32,2
selective,"3->4,0->2",0.4436468481594036,8,22,6,35,2
selective,"3->4,0->1",0.6093750000000002,8,23,7,35,2
selective,"2->4,1->4",0.16802454448363346,8,23,7,40,2
selective,"2->4,0->4",0.13322896415815,8,21,5,37,2
selective,"2->4,2->3",0.5183058261758413,8,24,8,34,2
selective,"2->4,1->3",0.20760619631880695,8,23,7,42,2
selective,"2->4,0->3",0.13524487425920106,8,22,6,35,2
selective,"2->4,1->2",0.4436468481594036,8,23,7,39,2
selective,"2->4,0->2",0.20760619631880672,8,23,7,36,2
selective,"2->4,0->1",0.4436468481594036,8,23,7,35,2
selective,"1->4,0->4",0.04480868064365495,8,21,5,36,2
selective,"1->4,2->3",0.39284073456766766,8,23,7,36,2
selective,"1->4,1->3",0.16802454448363346,8,23,7,35,2
selective,"1->4,0->3",0.05627552358315613,8,22,6,36,2
selective,"1->4,1->2",0.4371080166997702,8,23,7,36,2
selective,"1->4,0->2",0.1352448742592004,8,23,7,32,2
selective,"1->4,0->1",0.39284073456766766,8,23,7,39,2
selective,"0->4,2->3",0.37950344990549323,8,22,6,40,2
selective,"0->4,1->3",0.11624905894068327,8,23,7,36,2
selective,"0->4,0->3",0.04480868064365495,8,22,6,36,2
selective,"0->4,1->2",0.37950344990549334,8,22,6,40,2
selective,"0->4,0->2",0.13322896415815,8,22,6,35,2
selective,"0->4,0->1",0.40298905017641085,8,23,7,36,2
selective,"2->3,1->3",0.5183058261758413,8,23,7,43,2
selective,"2->3,0->3",0.4371080166997705,8,22,6,36,2
selective,"2->3,1->2",0.6093750000000002,8,23,7,38,2
selective,"2->3,0->2",0.4436468481594036,8,22,6,34,2
selective,"2->3,0->1",0.6093750000000002,8,23,7,36,2
selective,"1->3,0->3",0.1680245444836337,8,21,5,31,2
selective,"1->3,1->2",0.5183058261758413,8,23,7,39,2
selective,"1->3,0->2",0.20760619631880672,8,22,6,31,2
selective,"1->3,0->1",0.4436468481594036,8,22,6,32,2
selective,"0->3,1->2",0.39284073456766766,8,22,6,32,2
selective,"0->3,0->2",0.16802454448363346,8,22,6,32,2
selective,"0->3,0->1",0.4371080166997705,8,21,5,30,2
selective,"1->2,0->2",0.5183058261758413,8,22,6,31,2
selective,"1->2,0->1",0.6093750000000002,8,23,7,32,2
selective,"0->2,0->1",0.5183058261758413,8,21,5,35,2
selective,"3->4,2->4,1->4",0.5848666313707497,7,21,7,36,3
selective,"3->4,2->4,0->4",0.5499686517981512,7,19,5,33,3
selective,"3->4,2->4,2->3",0.7160691738241595,7,22,8,31,3
selective,"3->4,2->4,1->3",0.5712126850714834,7,21,7,38,3
selective,"3->4,2->4,0->3",0.5320558708126231,7,20,6,31,3
selective,"3->4,2->4,1->2",0.6989411413599009,7,21,7,35,3
selective,"3->4,2->4,0->2",0.5712126850714832,7,21,7,32,3
selective,"3->4,2->4,0->1",0.6989411413599009,7,21,7,31,3
selective,"3->4,1->4,0->4",0.4682383395343789,7,19,5,32,3
selective,"3->4,1->4,2->3",0.6481925104373565,7,21,7,32,3
selective,"3->4,1->4,1->3",0.511889693940198,7,21,7,31,3
selective,"3->4,1->4,0->3",0.45317586704269375,7,20,6,32,3
selective,"3->4,1->4,1->2",0.661967958263681,7,21,7,32,3
selective,"3->4,1->4,0->2",0.4989332335121802,7,21,7,28,3
selective,"3->4,1->4,0->1",0.6481925104373565,7,21,7,35,3
selective,"3->4,0->4,2->3",0.6268681563602567,7,20,6,36,3
selective,"3->4,0->4,1->3",0.46856172221167636,7,21,7,32,3
selective,"3->4,0->4,0->3",0.42420084349125176,7,20,6,32,3
selective,"3->4,0->4,1->2",0.6268681563602567,7,20,6,36,3
selective,"3->4,0->4,0->2",0.4757342631106347,7,20,6,31,3
selective,"3->4,0->4,0->1",0.6349622102268145,7,21,7,32,3
selective,"3->4,2->3,1->3",0.6989411413599009,7,21,7,39,3
selective,"3->4,2->3,0->3",0.6481925104373565,7,20,6,32,3
selective,"3->4,2->3,1->2",0.7558593750000002,7,21,7,34,3
selective,"3->4,2->3,0->2",0.6522792800996272,7,20,6,30,3
selective,"3->4,2->3,0->1",0.7558593750000002,7,21,7,32,3
selective,"3->4,1->3,0->3",0.4800153403022712,7,19,5,27,3
selective,"3->4,1->3,1->2",0.6989411413599009,7,21,7,35,3
selective,"3->4,1->3,0->2",0.5047538726992544,7,20,6,27,3
selective,"3->4,1->3,0->1",0.6522792800996273,7,20,6,28,3
selective,"3->4,0->3,1->2",0.6205254591047924,7,20,6,28,3
selective,"3->4,0->3,0->2",0.480015340302271,7,20,6,28,3
selective,"3->4,0->3,0->1",0.6481925104373565,7,19,5,26,3
selective,"3->4,1->2,0->2",0.6989411413599009,7,20,6,27,3
selective,"3->4,1->2,0->1",0.7558593750000002,7,21,7,28,3
selective,"3->4,0->2,0->1",0.6989411413599009,7,19,5,31,3
selective,"2->4,1->4,0->4",0.19816875952820534,7,18,4,30,3
selective,"2->4,1->4,2->3",0.5441020174352715,7,21,7,36,3
selective,"2->4,1->4,1->3",0.2849559690521687,7,19,5,35,3
selective,"2->4,1->4,0->3",0.1917734297135244,7,19,5,35,3
selective,"2->4,1->4,1->2",0.5118896939401982,7,20,6,36,3
selective,"2->4,1->4,0->2",0.25940453291112564,7,20,6,35,3
selective,"2->4,1->4,0->1",0.48001534030227133,7,21,7,36,3
selective,"2->4,0->4,2->3",0.528268696288942,7,19,5,32,3
selective,"2->4,0->4,1->3",0.2284307236563966,7,19,5,31,3
selective,"2->4,0->4,0->3",0.16555157260550968,7,18,4,33,3
selective,"2->4,0->4,1->2",0.45826810259884376,7,19,5,37,3
selective,"2->4,0->4,0->2",0.24199242857312142,7,19,5,32,3
selective,"2->4,0->4,0->1",0.4757342631106348,7,18,4,31,3
selective,"2->4,2->3,1->3",0.6160770654396024,7,21,7,37,3
selective,"2->4,2->3,0->3",0.5605431502111009,7,20,6,30,3
selective,"2->4,2->3,1->2",0.6989411413599009,7,21,7,34,3
selective,"2->4,2->3,0->2",0.5712126850714834,7,21,7,31,3
selective,"2->4,2->3,0->1",0.6989411413599009,7,21,7,30,3
selective,"2->4,1->3,0->3",0.25940453291112564,7,19,5,34,3
selective,"2->4,1->3,1->2",0.5712126850714832,7,21,7,37,3
selective,"2->4,1->3,0->2",0.29463873571681465,7,20,6,36,3
selective,"2->4,1->3,0->1",0.5047538726992545,7,21,7,38,3
selective,"2->4,0->3,1->2",0.4595280464120006,7,19,5,29,3
selective,"2->4,0->3,0->2",0.25940453291112564,7,20,6,31,3
selective,"2->4,0->3,0->1",0.4989332335121802,7,19,5,29,3
selective,"2->4,1->2,0->2",0.5712126850714832,7,20,6,31,3
selective,"2->4,1->2,0->1",0.6522792800996273,7,20,6,35,3
selective,"2->4,0->2,0->1",0.5712126850714834,7,21,7,31,3
selective,"1->4,0->4,2->3",0.4030054254022847,7,18,4,26,3
selective,"1->4,0->4,1->3",0.18151700415028327,7,19,5,32,3
selective,"1->4,0->4,0->3",0.08080914320417898,7,18,4,35,3
selective,"1->4,0->4,1->2",0.4452168132170361,7,17,3,34,3
selective,"1->4,0->4,0->2",0.16555157260550946,7,17,3,30,3
selective,"1->4,0->4,0->1",0.4242008434912521,7,18,4,30,3
selective,"1->4,2->3,1->3",0.5441020174352718,7,19,5,36,3
selective,"1->4,2->3,0->3",0.4531758670426941,7,20,6,33,3
selective,"1->4,2->3,1->2",0.6481925104373565,7,20,6,32,3
selective,"1->4,2->3,0->2",0.4595280464120005,7,20,6,31,3
selective,"1->4,2->3,0->1",0.6205254591047924,7,21,7,30,3
selective,"1->4,1->3,0->3",0.22164324040684025,7,19,5,30,3
selective,"1->4,1->3,1->2",0.5848666313707496,7,21,7,33,3
selective,"1->4,1->3,0->2",0.2594045329111254,7,20,6,30,3
selective,"1->4,1->3,0->1",0.4800153403022712,7,20,6,31,3
selective,"1->4,0->3,1->2",0.45317586704269375,7,20,6,28,3
selective,"1->4,0->3,0->2",0.19177342971352418,7,19,5,35,3
selective,"1->4,0->3,0->1",0.4531758670426941,7,19,5,30,3
selective,"1->4,1->2,0->2",0.5605431502111009,7,19,5,36,3
selective,"1->4,1->2,0->1",0.6481925104373565,7,19,5,35,3
selective,"1->4,0->2,0->1",0.5320558708126231,7,20,6,27,3
selective,"0->4,2->3,1->3",0.5217766831063771,7,19,5,31,3
selective,"0->4,2->3,0->3",0.4452168132170361,7,18,4,34,3
selective,"0->4,2->3,1->2",0.6121896561909335,7,20,6,35,3
selective,"0->4,2->3,0->2",0.458268102598844,7,20,6,30,3
selective,"0->4,2->3,0->1",0.6268681563602568,7,19,5,35,3
selective,"0->4,1->3,0->3",0.1815170041502835,7,19,5,31,3
selective,"0->4,1->3,1->2",0.521776683106377,7,19,5,32,3
selective,"0->4,1->3,0->2",0.2284307236563966,7,20,6,31,3
selective,"0->4,1->3,0->1",0.46856172221167636,7,20,6,32,3
selective,"0->4,0->3,1->2",0.4030054254022847,7,20,6,31,3
selective,"0->4,0->3,0->2",0.19816875952820534,7,20,6,32,3
selective,"0->4,0->3,0->1",0.4682383395343789,7,19,5,30,3
selective,"0->4,1->2,0->2",0.5282686962889419,7,18,4,35,3
selective,"0->4,1->2,0->1",0.6268681563602568,7,20,6,36,3
selective,"0->4,0->2,0->1",0.5499686517981512,7,18,4,30,3
selective,"2->3,1->3,0->3",0.5848666313707497,7,19,5,35,3
selective,"2->3,1->3,1->2",0.7160691738241595,7,21,7,38,3
selective,"2->3,1->3,0->2",0.5712126850714832,7,20,6,37,3
selective,"2->3,1->3,0->1",0.6989411413599009,7,21,7,39,3
selective,"2->3,0->3,1->2",0.6481925104373565,7,19,5,30,3
selective,"2->3,0->3,0->2",0.511889693940198,7,20,6,32,3
selective,"2->3,0->3,0->1",0.661967958263681,7,19,5,30,3
selective,"2->3,1->2,0->2",0.6989411413599009,7,20,6,32,3
selective,"2->3,1->2,0->1",0.7558593750000002,7,21,7,33,3
selective,"2->3,0->2,0->1",0.6989411413599009,7,19,5,30,3
selective,"1->3,0->3,1->2",0.5441020174352718,7,18,4,30,3
selective,"1->3,0->3,0->2",0.2849559690521686,7,18,4,26,3
selective,"1->3,0->3,0->1",0.5118896939401983,7,19,5,26,3
selective,"1->3,1->2,0->2",0.6160770654396024,7,20,6,32,3
selective,"1->3,1->2,0->1",0.6989411413599009,7,19,5,32,3
selective,"1->3,0->2,0->1",0.5712126850714832,7,19,5,30,3
selective,"0->3,1->2,0->2",0.5441020174352715,7,19,5,26,3
selective,"0->3,1->2,0->1",0.6481925104373565,7,19,5,26,3
selective,"0->3,0->2,0->1",0.5848666313707497,7,18,4,26,3
selective,"1->2,0->2,0->1",0.7160691738241596,7,20,6,27,3
selective,"3->4,2->4,1->4,0->4",0.6171026670704911,6,16,4,26,4
selective,"3->4,2->4,1->4,2->3",0.7497999713040622,6,19,7,32,4
selective,"3->4,2->4,1->4,1->3",0.637441386808898,6,17,5,31,4
selective,"3->4,2->4,1->4,0->3",0.5967166861545832,6,17,5,31,4
selective,"3->4,2->4,1->4,1->2",0.7455370728607589,6,18,6,32,4
selective,"3->4,2->4,1->4,0->2",0.6304627870862596,6,18,6,31,4
selective,"3->4,2->4,1->4,0->1",0.7405416446067186,6,19,7,32,4
selective,"3->4,2->4,0->4,2->3",0.7320142776261818,6,17,5,29,4
selective,"3->4,2->4,0->4,1->3",0.5993978256013255,6,17,5,27,4
selective,"3->4,2->4,0->4,0->3",0.5653941431824285,6,16,4,29,4
selective,"3->4,2->4,0->4,1->2",0.7187304073738445,6,17,5,33,4
selective,"3->4,2->4,0->4,0->2",0.6035611435210564,6,17,5,28,4
selective,"3->4,2->4,0->4,0->1",0.7222997713120873,6,16,4,27,4
selective,"3->4,2->4,2->3,1->3",0.7708716630879207,6,19,7,34,4
selective,"3->4,2->4,2->3,0->3",0.7389922048984534,6,18,6,27,4
selective,"3->4,2->4,2->3,1->2",0.8225432336400997,6,19,7,31,4
selective,"3->4,2->4,2->3,0->2",0.7472547039237863,6,19,7,28,4
selective,"3->4,2->4,2->3,0->1",0.8225432336400997,6,19,7,27,4
selective,"3->4,2->4,1->3,0->3",0.5992422703130655,6,17,5,30,4
selective,"3->4,2->4,1->3,1->2",0.767970722903861,6,19,7,33,4
selective,"3->4,2->4,1->3,0->2",0.6183085213924047,6,18,6,32,4
selective,"3->4,2->4,1->3,0->1",0.732007928169677,6,19,7,34,4
selective,"3->4,2->4,0->3,1->2",0.7075349192578895,6,17,5,25,4
selective,"3->4,2->4,0->3,0->2",0.5992422703130655,6,18,6,27,4
selective,"3->4,2->4,0->3,0->1",0.7288582111519536,6,17,5,25,4
selective,"3->4,2->4,1->2,0->2",0.767970722903861,6,18,6,27,4
selective,"3->4,2->4,1->2,0->1",0.811838213349938,6,18,6,31,4
selective,"3->4,2->4,0->2,0->1",0.767970722903861,6,19,7,27,4
selective,"3->4,1->4,0->4,2->3",0.6676489622089868,6,16,4,22,4
selective,"3->4,1->4,0->4,1->3",0.5383505533444095,6,17,5,28,4
selective,"3->4,1->4,0->4,0->3",0.4868984644966363,6,16,4,31,4
selective,"3->4,1->4,0->4,1->2",0.6794262528777113,6,15,3,30,4
selective,"3->4,1->4,0->4,0->2",0.5324838005464463,6,15,3,26,4
selective,"3->4,1->4,0->4,0->1",0.6736277149856451,6,16,4,26,4
selective,"3->4,1->4,2->3,1->3",0.7312247308607667,6,17,5,32,4
selective,"3->4,1->4,2->3,0->3",0.6831526151363339,6,18,6,29,4
selective,"3->4,1->4,2->3,1->2",0.7887299739148007,6,18,6,28,4
selective,"3->4,1->4,2->3,0->2",0.6868332709451126,6,18,6,27,4
selective,"3->4,1->4,2->3,0->1",0.7801203190233479,6,19,7,26,4
selective,"3->4,1->4,1->3,0->3",0.5425775368138884,6,17,5,26,4
selective,"3->4,1->4,1->3,1->2",0.7455370728607589,6,19,7,29,4
selective,"3->4,1->4,1->3,0->2",0.5655012684444014,6,18,6,26,4
selective,"3->4,1->4,1->3,0->1",0.6949310587126238,6,18,6,27,4
selective,"3->4,1->4,0->3,1->2",0.6716171421548559,6,18,6,24,4
selective,"3->4,1->4,0->3,0->2",0.5316876857872803,6,17,5,31,4
selective,"3->4,1->4,0->3,0->1",0.6831526151363339,6,17,5,26,4
selective,"3->4,1->4,1->2,0->2",0.7342741495524655,6,17,5,32,4
selective,"3->4,1->4,1->2,0->1",0.7887299739148006,6,17,5,31,4
selective,"3->4,1->4,0->2,0->1",0.7288582111519536,6,18,6,23,4
selective,"3->4,0->4,2->3,1->3",0.7124233037607497,6,17,5,27,4
selective,"3->4,0->4,2->3,0->3",0.6651710069436191,6,16,4,30,4
selective,"3->4,0->4,2->3,1->2",0.7667925977251605,6,18,6,31,4
selective,"3->4,0->4,2->3,0->2",0.6723339144441467,6,18,6,26,4
selective,"3->4,0->4,2->3,0->1",0.7718513813917591,6,17,5,31,4
selective,"3->4,0->4,1->3,0->3",0.5062518242553675,6,17,5,27,4
selective,"3->4,0->4,1->3,1->2",0.7124233037607497,6,17,5,28,4
selective,"3->4,0->4,1->3,0->2",0.5333169678073097,6,18,6,27,4
selective,"3->4,0->4,1->3,0->1",0.6750561201900209,6,18,6,28,4
selective,"3->4,0->4,0->3,1->2",0.6401255271820325,6,18,6,27,4
selective,"3->4,0->4,0->3,0->2",0.5136808003810251,6,18,6,28,4
selective,"3->4,0->4,0->3,0->1",0.6736277149856449,6,17,5,26,4
selective,"3->4,0->4,1->2,0->2",0.7139768402114401,6,16,4,31,4
selective,"3->4,0->4,1->2,0->1",0.7718513813917591,6,18,6,32,4
selective,"3->4,0->4,0->2,0->1",0.7222997713120873,6,16,4,26,4
selective,"3->4,2->3,1->3,0->3",0.7405416446067186,6,17,5,31,4
selective,"3->4,2->3,1->3,1->2",0.8225432336400997,6,19,7,34,4
selective,"3->4,2->3,1->3,0->2",0.732007928169677,6,18,6,33,4
selective,"3->4,2->3,1->3,0->1",0.811838213349938,6,19,7,35,4
selective,"3->4,2->3,0->3,1->2",0.7801203190233479,6,17,5,26,4
selective,"3->4,2->3,0->3,0->2",0.6949310587126238,6,18,6,28,4
selective,"3->4,2->3,0->3,0->1",0.7887299739148007,6,17,5,26,4
selective,"3->4,2->3,1->2,0->2",0.811838213349938,6,18,6,28,4
selective,"3->4,2->3,1->2,0->1",0.8474121093750002,6,19,7,29,4
selective,"3->4,2->3,0->2,0->1",0.811838213349938,6,17,5,26,4
selective,"3->4,1->3,0->3,1->2",0.7150637608970448,6,16,4,26,4
selective,"3->4,1->3,0->3,0->2",0.5530974806576054,6,16,4,22,4
selective,"3->4,1->3,0->3,0->1",0.694931058712624,6,17,5,22,4
selective,"3->4,1->3,1->2,0->2",0.7600481658997515,6,18,6,28,4
selective,"3->4,1->3,1->2,0->1",0.811838213349938,6,17,5,28,4
selective,"3->4,1->3,0->2,0->1",0.732007928169677,6,17,5,26,4
selective,"3->4,0->3,1->2,0->2",0.7150637608970447,6,17,5,22,4
selective,"3->4,0->3,1->2,0->1",0.7801203190233479,6,17,5,22,4
selective,"3->4,0->3,0->2,0->1",0.7405416446067186,6,16,4,22,4
selective,"3->4,1->2,0->2,0->1",0.8225432336400997,6,18,6,23,4
selective,"2->4,1->4,0->4,2->3",0.5578813127699344,6,16,4,26,4
selective,"2->4,1->4,0->4,1->3",0.31041285200623514,6,15,3,29,4
selective,"2->4,1->4,0->4,0->3",0.22788571686294268,6,14,2,29,4
selective,"2->4,1->4,0->4,1->2",0.5282889707083646,6,15,3,29,4
selective,"2->4,1->4,0->4,0->2",0.2982817155468631,6,15,3,25,4
selective,"2->4,1->4,0->4,0->1",0.5136808003810251,6,15,3,29,4
selective,"2->4,1->4,2->3,1->3",0.6385937023251136,6,17,5,27,4
selective,"2->4,1->4,2->3,0->3",0.5830422789711117,6,17,5,29,4
selective,"2->4,1->4,2->3,1->2",0.7312247308607667,6,18,6,32,4
selective,"2->4,1->4,2->3,0->2",0.5941755527717503,6,18,6,31,4
selective,"2->4,1->4,2->3,0->1",0.7150637608970448,6,19,7,30,4
selective,"2->4,1->4,1->3,0->3",0.33045203427201864,6,16,4,29,4
selective,"2->4,1->4,1->3,1->2",0.637441386808898,6,17,5,30,4
selective,"2->4,1->4,1->3,0->2",0.3634927994837901,6,17,5,30,4
selective,"2->4,1->4,1->3,0->1",0.5530974806576057,6,16,4,29,4
selective,"2->4,1->4,0->3,1->2",0.5258228881964474,6,17,5,30,4
selective,"2->4,1->4,0->3,0->2",0.30781684141833454,6,16,4,30,4
selective,"2->4,1->4,0->3,0->1",0.5316876857872804,6,16,4,29,4
selective,"2->4,1->4,1->2,0->2",0.6173155567817952,6,17,5,31,4
selective,"2->4,1->4,1->2,0->1",0.6949310587126241,6,17,5,30,4
selective,"2->4,1->4,0->2,0->1",0.5992422703130658,6,17,5,32,4
selective,"2->4,0->4,2->3,1->3",0.6231044362673633,6,17,5,25,4
selective,"2->4,0->4,2->3,0->3",0.5705415301072734,6,16,4,28,4
selective,"2->4,0->4,2->3,1->2",0.7051679351805888,6,17,5,32,4
selective,"2->4,0->4,2->3,0->2",0.5868259647458358,6,17,5,27,4
selective,"2->4,0->4,2->3,0->1",0.7139768402114401,6,16,4,26,4
selective,"2->4,0->4,1->3,0->3",0.28470275846217663,6,15,3,29,4
selective,"2->4,0->4,1->3,1->2",0.5824814419954496,6,17,5,27,4
selective,"2->4,0->4,1->3,0->2",0.32524815762819137,6,17,5,26,4
selective,"2->4,0->4,1->3,0->1",0.5333169678073099,6,16,4,26,4
selective,"2->4,0->4,0->3,1->2",0.47846973287844363,6,16,4,25,4
selective,"2->4,0->4,0->3,0->2",0.2982817155468631,6,16,4,29,4
selective,"2->4,0->4,0->3,0->1",0.5324838005464463,6,15,3,28,4
selective,"2->4,0->4,1->2,0->2",0.5868259647458358,6,17,5,32,4
selective,"2->4,0->4,1->2,0->1",0.6723339144441469,6,16,4,31,4
selective,"2->4,0->4,0->2,0->1",0.6035611435210565,6,15,3,25,4
selective,"2->4,2->3,1->3,0->3",0.6625364284385198,6,17,5,29,4
selective,"2->4,2->3,1->3,1->2",0.7708716630879207,6,19,7,32,4
selective,"2->4,2->3,1->3,0->2",0.6582452244694905,6,18,6,31,4
selective,"2->4,2->3,1->3,0->1",0.7600481658997517,6,19,7,33,4
selective,"2->4,2->3,0->3,1->2",0.7253394688819381,6,17,5,24,4
selective,"2->4,2->3,0->3,0->2",0.6173155567817952,6,18,6,26,4
selective,"2->4,2->3,0->3,0->1",0.7342741495524654,6,17,5,24,4
selective,"2->4,2->3,1->2,0->2",0.767970722903861,6,18,6,26,4
selective,"2->4,2->3,1->2,0->1",0.8118382133499381,6,18,6,30,4
selective,"2->4,2->3,0->2,0->1",0.767970722903861,6,19,7,26,4
selective,"2->4,1->3,0->3,1->2",0.5941755527717505,6,17,5,29,4
selective,"2->4,1->3,0->3,0->2",0.3634927994837899,6,16,4,30,4
selective,"2->4,1->3,0->3,0->1",0.5655012684444014,6,16,4,29,4
selective,"2->4,1->3,1->2,0->2",0.6582452244694905,6,18,6,31,4
selective,"2->4,1->3,1->2,0->1",0.7320079281696772,6,18,6,30,4
selective,"2->4,1->3,0->2,0->1",0.6183085213924049,6,17,5,32,4
selective,"2->4,0->3,1->2,0->2",0.5941755527717503,6,17,5,26,4
selective,"2->4,0->3,1->2,0->1",0.6868332709451128,6,16,4,24,4
selective,"2->4,0->3,0->2,0->1",0.6304627870862596,6,16,4,25,4
selective,"2->4,1->2,0->2,0->1",0.7472547039237865,6,17,5,30,4
selective,"1->4,0->4,2->3,1->3",0.5511069633167149,6,16,4,25,4
selective,"1->4,0->4,2->3,0->3",0.46592187914675365,6,16,4,26,4
selective,"1->4,0->4,2->3,1->2",0.6532605082606475,6,15,3,25,4
selective,"1->4,0->4,2->3,0->2",0.4784697328784435,6,15,3,21,4
selective,"1->4,0->4,2->3,0->1",0.6401255271820325,6,16,4,21,4
selective,"1->4,0->4,1->3,0->3",0.24029218504297523,6,16,4,31,4
selective,"1->4,0->4,1->3,1->2",0.590295745518888,6,15,3,28,4
selective,"1->4,0->4,1->3,0->2",0.28470275846217663,6,15,3,26,4
selective,"1->4,0->4,1->3,0->1",0.5062518242553675,6,16,4,26,4
selective,"1->4,0->4,0->3,1->2",0.46592187914675365,6,15,3,29,4
selective,"1->4,0->4,0->3,0->2",0.22788571686294246,6,14,2,28,4
selective,"1->4,0->4,0->3,0->1",0.48689846449663654,6,15,3,29,4
selective,"1->4,0->4,1->2,0->2",0.5705415301072734,6,14,2,29,4
selective,"1->4,0->4,1->2,0->1",0.6651710069436192,6,15,3,30,4
selective,"1->4,0->4,0->2,0->1",0.5653941431824283,6,14,2,25,4
selective,"1->4,2->3,1->3,0->3",0.6059218592680254,6,16,4,30,4
selective,"1->4,2->3,1->3,1->2",0.7497999713040622,6,17,5,31,4
selective,"1->4,2->3,1->3,0->2",0.5941755527717505,6,17,5,31,4
selective,"1->4,2->3,1->3,0->1",0.7150637608970448,6,16,4,30,4
selective,"1->4,2->3,0->3,1->2",0.6831526151363339,6,18,6,29,4
selective,"1->4,2->3,0->3,0->2",0.5258228881964473,6,17,5,26,4
selective,"1->4,2->3,0->3,0->1",0.671617142154856,6,17,5,27,4
selective,"1->4,2->3,1->2,0->2",0.725339468881938,6,17,5,27,4
selective,"1->4,2->3,1->2,0->1",0.7801203190233479,6,17,5,26,4
selective,"1->4,2->3,0->2,0->1",0.7075349192578895,6,17,5,26,4
selective,"1->4,1->3,0->3,1->2",0.6059218592680253,6,16,4,25,4
selective,"1->4,1->3,0->3,0->2",0.3304520342720184,6,16,4,25,4
selective,"1->4,1->3,0->3,0->1",0.5425775368138888,6,17,5,25,4
selective,"1->4,1->3,1->2,0->2",0.6625364284385198,6,17,5,31,4
selective,"1->4,1->3,1->2,0->1",0.7405416446067186,6,17,5,26,4
selective,"1->4,1->3,0->2,0->1",0.5992422703130655,6,18,6,26,4
selective,"1->4,0->3,1->2,0->2",0.5830422789711116,6,16,4,29,4
selective,"1->4,0->3,1->2,0->1",0.6831526151363339,6,17,5,22,4
selective,"1->4,0->3,0->2,0->1",0.5967166861545832,6,16,4,26,4
selective,"1->4,1->2,0->2,0->1",0.7389922048984534,6,16,4,30,4
selective,"0->4,2->3,1->3,0->3",0.5902957455188881,6,15,3,30,4
selective,"0->4,2->3,1->3,1->2",0.7181150430278526,6,17,5,23,4
selective,"0->4,2->3,1->3,0->2",0.5824814419954496,6,17,5,26,4
selective,"0->4,2->3,1->3,0->1",0.7124233037607497,6,16,4,26,4
selective,"0->4,2->3,0->3,1->2",0.6532605082606477,6,16,4,26,4
selective,"0->4,2->3,0->3,0->2",0.5282889707083644,6,16,4,30,4
selective,"0->4,2->3,0->3,0->1",0.6794262528777113,6,15,3,29,4
selective,"0->4,2->3,1->2,0->2",0.7051679351805888,6,16,4,30,4
selective,"0->4,2->3,1->2,0->1",0.7667925977251606,6,17,5,30,4
selective,"0->4,2->3,0->2,0->1",0.7187304073738445,6,16,4,25,4
selective,"0->4,1->3,0->3,1->2",0.5511069633167147,6,16,4,25,4
selective,"0->4,1->3,0->3,0->2",0.3104128520062349,6,15,3,25,4
selective,"0->4,1->3,0->3,0->1",0.5383505533444096,6,16,4,26,4
selective,"0->4,1->3,1->2,0->2",0.6231044362673632,6,16,4,26,4
selective,"0->4,1->3,1->2,0->1",0.7124233037607497,6,16,4,26,4
selective,"0->4,1->3,0->2,0->1",0.5993978256013255,6,16,4,27,4
selective,"0->4,0->3,1->2,0->2",0.5578813127699342,6,16,4,31,4
selective,"0->4,0->3,1->2,0->1",0.6676489622089868,6,16,4,26,4
selective,"0->4,0->3,0->2,0->1",0.6171026670704909,6,16,4,26,4
selective,"0->4,1->2,0->2,0->1",0.7320142776261818,6,15,3,29,4
selective,"2->3,1->3,0->3,1->2",0.7497999713040622,6,17,5,30,4
selective,"2->3,1->3,0->3,0->2",0.637441386808898,6,16,4,31,4
selective,"2->3,1->3,0->3,0->1",0.7455370728607589,6,16,4,30,4
selective,"2->3,1->3,1->2,0->2",0.7708716630879207,6,18,6,32,4
selective,"2->3,1->3,1->2,0->1",0.8225432336400997,6,18,6,35,4
selective,"2->3,1->3,0->2,0->1",0.767970722903861,6,17,5,33,4
selective,"2->3,0->3,1->2,0->2",0.7312247308607664,6,17,5,27,4
selective,"2->3,0->3,1->2,0->1",0.7887299739148007,6,16,4,25,4
selective,"2->3,0->3,0->2,0->1",0.7455370728607589,6,16,4,26,4
selective,"2->3,1->2,0->2,0->1",0.8225432336400997,6,18,6,28,4
selective,"1->3,0->3,1->2,0->2",0.6385937023251136,6,15,3,25,4
selective,"1->3,0->3,1->2,0->1",0.7312247308607667,6,16,4,26,4
selective,"1->3,0->3,0->2,0->1",0.637441386808898,6,15,3,21,4
selective,"1->3,1->2,0->2,0->1",0.7708716630879207,6,17,5,27,4
selective,"0->3,1->2,0->2,0->1",0.7497999713040622,6,16,4,21,4
selective,"3->4,2->4,1->4,0->4,2->3",0.7663690213723107,5,14,4,22,5
selective,"3->4,2->4,1->4,0->4,1->3",0.6649476026898288,5,13,3,25,5
selective,"3->4,2->4,1->4,0->4,0->3",0.6299358682099447,5,12,2,25,5
selective,"3->4,2->4,1->4,0->4,1->2",0.7639608736955865,5,13,3,25,5
selective,"3->4,2->4,1->4,0->4,0->2",0.6620616182693946,5,13,3,21,5
selective,"3->4,2->4,1->4,0->4,0->1",0.7624348207791873,5,13,3,25,5
selective,"3->4,2->4,1->4,2->3,1->3",0.7967166300095743,5,15,5,27,5
selective,"3->4,2->4,1->4,2->3,0->3",0.769465052290023,5,15,5,27,5
selective,"3->4,2->4,1->4,2->3,1->2",0.8463228737723892,5,16,6,28,5
selective,"3->4,2->4,1->4,2->3,0->2",0.7772806807110515,5,16,6,27,5
selective,"3->4,2->4,1->4,2->3,0->1",0.8436249820650389,5,17,7,28,5
selective,"3->4,2->4,1->4,1->3,0->3",0.6599020764506346,5,14,4,25,5
selective,"3->4,2->4,1->4,1->3,1->2",0.8062084611649922,5,15,5,26,5
selective,"3->4,2->4,1->4,1->3,0->2",0.6772629965186792,5,15,5,26,5
selective,"3->4,2->4,1->4,1->3,0->1",0.7734008667555612,5,14,4,25,5
selective,"3->4,2->4,1->4,0->3,1->2",0.7528007617254033,5,15,5,26,5
selective,"3->4,2->4,1->4,0->3,0->2",0.6546192265346357,5,14,4,26,5
selective,"3->4,2->4,1->4,0->3,0->1",0.7663247547981759,5,14,4,25,5
selective,"3->4,2->4,1->4,1->2,0->2",0.7991805286353141,5,15,5,27,5
selective,"3->4,2->4,1->4,1->2,0->1",0.8409606705379743,5,15,5,26,5
selective,"3->4,2->4,1->4,0->2,0->1",0.8000326749712932,5,15,5,28,5
selective,"3->4,2->4,0->4,2->3,1->3",0.7832705106546075,5,15,5,22,5
selective,"3->4,2->4,0->4,2->3,0->3",0.753471537662692,5,14,4,25,5
selective,"3->4,2->4,0->4,2->3,1->2",0.8325089235163637,5,15,5,29,5
selective,"3->4,2->4,0->4,2->3,0->2",0.7636184292640428,5,15,5,24,5
selective,"3->4,2->4,0->4,2->3,0->1",0.8344101449221051,5,14,4,23,5
selective,"3->4,2->4,0->4,1->3,0->3",0.6271670604000649,5,13,3,25,5
selective,"3->4,2->4,0->4,1->3,1->2",0.7832225215329381,5,15,5,23,5
selective,"3->4,2->4,0->4,1->3,0->2",0.6471039882973723,5,15,5,22,5
selective,"3->4,2->4,0->4,1->3,0->1",0.7528009640042005,5,14,4,22,5
selective,"3->4,2->4,0->4,0->3,1->2",0.7283713394890179,5,14,4,21,5
selective,"3->4,2->4,0->4,0->3,0->2",0.6317125752566137,5,14,4,25,5
selective,"3->4,2->4,0->4,0->3,0->1",0.7512044383117761,5,13,3,24,5
selective,"3->4,2->4,0->4,1->2,0->2",0.7833990015668648,5,15,5,28,5
selective,"3->4,2->4,0->4,1->2,0->1",0.8264373570700546,5,14,4,27,5
selective,"3->4,2->4,0->4,0->2,0->1",0.7876806065871464,5,13,3,21,5
selective,"3->4,2->4,2->3,1->3,0->3",0.7972816095877429,5,15,5,26,5
selective,"3->4,2->4,2->3,1->3,1->2",0.8651768803681197,5,17,7,29,5
selective,"3->4,2->4,2->3,1->3,0->2",0.7960379641327529,5,16,6,28,5
selective,"3->4,2->4,2->3,1->3,0->1",0.8567947894299505,5,17,7,30,5
selective,"3->4,2->4,2->3,0->3,1->2",0.8368701280615334,5,15,5,21,5
selective,"3->4,2->4,2->3,0->3,0->2",0.7732855250507427,5,16,6,23,5
selective,"3->4,2->4,2->3,0->3,0->1",0.8431473431995663,5,15,5,21,5
selective,"3->4,2->4,2->3,1->2,0->2",0.8632321752620176,5,16,6,23,5
selective,"3->4,2->4,2->3,1->2,0->1",0.8890895210250623,5,16,6,27,5
selective,"3->4,2->4,2->3,0->2,0->1",0.8632321752620176,5,17,7,23,5
selective,"3->4,2->4,1->3,0->3,1->2",0.7803965979403823,5,15,5,25,5
selective,"3->4,2->4,1->3,0->3,0->2",0.6555674562646879,5,14,4,26,5
selective,"3->4,2->4,1->3,0->3,0->1",0.7648801093874664,5,14,4,25,5
selective,"3->4,2->4,1->3,1->2,0->2",0.8150665592247825,5,16,6,27,5
selective,"3->4,2->4,1->3,1->2,0->1",0.8549817018149132,5,16,6,26,5
selective,"3->4,2->4,1->3,0->2,0->1",0.7934556485892286,5,15,5,28,5
selective,"3->4,2->4,0->3,1->2,0->2",0.7803965979403823,5,15,5,22,5
selective,"3->4,2->4,0->3,1->2,0->1",0.830536381969971,5,14,4,20,5
selective,"3->4,2->4,0->3,0->2,0->1",0.8000326749712932,5,14,4,21,5
selective,"3->4,2->4,1->2,0->2,0->1",0.8632321752620176,5,15,5,26,5
selective,"3->4,1->4,0->4,2->3,1->3",0.7455716070488353,5,14,4,21,5
selective,"3->4,1->4,0->4,2->3,0->3",0.7015113076667209,5,14,4,22,5
selective,"3->4,1->4,0->4,2->3,1->2",0.7996414080485696,5,13,3,21,5
selective,"3->4,1->4,0->4,2->3,0->2",0.707802375341529,5,13,3,17,5
selective,"3->4,1->4,0->4,2->3,0->1",0.7960173218660281,5,14,4,17,5
selective,"3->4,1->4,0->4,1->3,0->3",0.5693331846713823,5,14,4,27,5
selective,"3->4,1->4,0->4,1->3,1->2",0.7581482377042973,5,13,3,24,5
selective,"3->4,1->4,0->4,1->3,0->2",0.5939530128791362,5,13,3,22,5
selective,"3->4,1->4,0->4,1->3,0->1",0.7164572484446574,5,14,4,22,5
selective,"3->4,1->4,0->4,0->3,1->2",0.6905546311820502,5,13,3,25,5
selective,"3->4,1->4,0->4,0->3,0->2",0.5660932182326635,5,12,2,24,5
selective,"3->4,1->4,0->4,0->3,0->1",0.707963908402355,5,13,3,25,5
selective,"3->4,1->4,0->4,1->2,0->2",0.7482438244795337,5,12,2,25,5
selective,"3->4,1->4,0->4,1->2,0->1",0.8030607778540441,5,13,3,26,5
selective,"3->4,1->4,0->4,0->2,0->1",0.751204438311776,5,12,2,21,5
selective,"3->4,1->4,2->3,1->3,0->3",0.767286792466852,5,14,4,26,5
selective,"3->4,1->4,2->3,1->3,1->2",0.8463228737723891,5,15,5,27,5
selective,"3->4,1->4,2->3,1->3,0->2",0.7607456510041325,5,15,5,27,5
selective,"3->4,1->4,2->3,1->3,0->1",0.8320154567879792,5,14,4,26,5
selective,"3->4,1->4,2->3,0->3,1->2",0.8097244736080172,5,16,6,25,5
selective,"3->4,1->4,2->3,0->3,0->2",0.7252466217527158,5,15,5,22,5
selective,"3->4,1->4,2->3,0->3,0->1",0.8097244736080174,5,15,5,23,5
selective,"3->4,1->4,2->3,1->2,0->2",0.8339213434702909,5,15,5,23,5
selective,"3->4,1->4,2->3,1->2,0->1",0.8679562336967505,5,15,5,22,5
selective,"3->4,1->4,2->3,0->2,0->1",0.8305363819699709,5,15,5,22,5
selective,"3->4,1->4,1->3,0->3,1->2",0.7580551875070601,5,14,4,21,5
selective,"3->4,1->4,1->3,0->3,0->2",0.6066422637626043,5,14,4,21,5
selective,"3->4,1->4,1->3,0->3,0->1",0.7314136304651808,5,15,5,21,5
selective,"3->4,1->4,1->3,1->2,0->2",0.7919183097071508,5,15,5,27,5
selective,"3->4,1->4,1->3,1->2,0->1",0.8409606705379743,5,15,5,22,5
selective,"3->4,1->4,1->3,0->2,0->1",0.7648801093874662,5,16,6,22,5
selective,"3->4,1->4,0->3,1->2,0->2",0.7481607778283781,5,14,4,25,5
selective,"3->4,1->4,0->3,1->2,0->1",0.8097244736080174,5,15,5,18,5
selective,"3->4,1->4,0->3,0->2,0->1",0.7663247547981757,5,14,4,22,5
selective,"3->4,1->4,1->2,0->2,0->1",0.8431473431995662,5,14,4,26,5
selective,"3->4,0->4,2->3,1->3,0->3",0.7525537293925619,5,13,3,26,5
selective,"3->4,0->4,2->3,1->3,1->2",0.830490187780565,5,15,5,19,5
selective,"3->4,0->4,2->3,1->3,0->2",0.7474642490047632,5,15,5,22,5
selective,"3->4,0->4,2->3,1->3,0->1",0.8241634234406083,5,14,4,22,5
selective,"3->4,0->4,2->3,0->3,1->2",0.790731879339762,5,14,4,22,5
selective,"3->4,0->4,2->3,0->3,0->2",0.7135537156110492,5,14,4,26,5
selective,"3->4,0->4,2->3,0->3,0->1",0.8030607778540441,5,13,3,25,5
selective,"3->4,0->4,2->3,1->2,0->2",0.8212355251321501,5,14,4,26,5
selective,"3->4,0->4,2->3,1->2,0->1",0.8574071133698494,5,15,5,26,5
selective,"3->4,0->4,2->3,0->2,0->1",0.8264373570700545,5,14,4,21,5
selective,"3->4,0->4,1->3,0->3,1->2",0.7293197428880767,5,14,4,21,5
selective,"3->4,0->4,1->3,0->3,0->2",0.5814370373667826,5,13,3,21,5
selective,"3->4,0->4,1->3,0->3,0->1",0.7164572484446574,5,14,4,22,5
selective,"3->4,0->4,1->3,1->2,0->2",0.7717494148366735,5,14,4,22,5
selective,"3->4,0->4,1->3,1->2,0->1",0.8241634234406083,5,14,4,22,5
selective,"3->4,0->4,1->3,0->2,0->1",0.7528009640042004,5,14,4,23,5
selective,"3->4,0->4,0->3,1->2,0->2",0.7311915114544971,5,14,4,27,5
selective,"3->4,0->4,0->3,1->2,0->1",0.7960173218660281,5,14,4,22,5
selective,"3->4,0->4,0->3,0->2,0->1",0.7624348207791872,5,14,4,22,5
selective,"3->4,0->4,1->2,0->2,0->1",0.8344101449221051,5,13,3,25,5
selective,"3->4,2->3,1->3,0->3,1->2",0.8436249820650389,5,15,5,26,5
selective,"3->4,2->3,1->3,0->3,0->2",0.7734008667555612,5,14,4,27,5
selective,"3->4,2->3,1->3,0->3,0->1",0.8409606705379743,5,14,4,26,5
selective,"3->4,2->3,1->3,1->2,0->2",0.8567947894299505,5,16,6,28,5
selective,"3->4,2->3,1->3,1->2,0->1",0.8890895210250623,5,16,6,31,5
selective,"3->4,2->3,1->3,0->2,0->1",0.8549817018149132,5,15,5,29,5
selective,"3->4,2->3,0->3,1->2,0->2",0.8320154567879791,5,15,5,23,5
selective,"3->4,2->3,0->3,1->2,0->1",0.8679562336967505,5,14,4,21,5
selective,"3->4,2->3,0->3,0->2,0->1",0.8409606705379742,5,14,4,22,5
selective,"3->4,2->3,1->2,0->2,0->1",0.8890895210250623,5,16,6,24,5
selective,"3->4,1->3,0->3,1->2,0->2",0.7741210639531959,5,13,3,21,5
selective,"3->4,1->3,0->3,1->2,0->1",0.8320154567879792,5,14,4,22,5
selective,"3->4,1->3,0->3,0->2,0->1",0.7734008667555612,5,13,3,17,5
selective,"3->4,1->3,1->2,0->2,0->1",0.8567947894299505,5,15,5,23,5
selective,"3->4,0->3,1->2,0->2,0->1",0.8436249820650389,5,14,4,17,5
selective,"2->4,1->4,0->4,2->3,1->3",0.6482504616697501,5,13,3,21,5
selective,"2->4,1->4,0->4,2->3,0->3",0.5962880117835674,5,12,2,23,5
selective,"2->4,1->4,0->4,2->3,1->2",0.7386314343365923,5,13,3,25,5
selective,"2->4,1->4,0->4,2->3,0->2",0.6124692422235412,5,13,3,21,5
selective,"2->4,1->4,0->4,2->3,0->1",0.7311915114544972,5,13,3,23,5
selective,"2->4,1->4,0->4,1->3,0->3",0.3586956066251591,5,11,1,23,5
selective,"2->4,1->4,0->4,1->3,1->2",0.6490733840624944,5,13,3,24,5
selective,"2->4,1->4,0->4,1->3,0->2",0.39626033368570324,5,12,2,23,5
selective,"2->4,1->4,0->4,1->3,0->1",0.5814370373667828,5,12,2,24,5
selective,"2->4,1->4,0->4,0->3,1->2",0.5455867211582521,5,12,2,20,5
selective,"2->4,1->4,0->4,0->3,0->2",0.3502013702955078,5,12,2,25,5
selective,"2->4,1->4,0->4,0->3,0->1",0.5660932182326635,5,11,1,23,5
selective,"2->4,1->4,0->4,1->2,0->2",0.6321927986017831,5,12,2,24,5
selective,"2->4,1->4,0->4,1->2,0->1",0.7135537156110492,5,13,3,26,5
selective,"2->4,1->4,0->4,0->2,0->1",0.6317125752566137,5,12,2,20,5
selective,"2->4,1->4,2->3,1->3,0->3",0.6805693088320335,5,14,4,21,5
selective,"2->4,1->4,2->3,1->3,1->2",0.7967166300095743,5,15,5,25,5
selective,"2->4,1->4,2->3,1->3,0->2",0.6782887475096577,5,15,5,22,5
selective,"2->4,1->4,2->3,1->3,0->1",0.7741210639531959,5,14,4,21,5
selective,"2->4,1->4,2->3,0->3,1->2",0.7544506433275431,5,15,5,24,5
selective,"2->4,1->4,2->3,0->3,0->2",0.6370488086488619,5,14,4,24,5
selective,"2->4,1->4,2->3,0->3,0->1",0.7481607778283783,5,14,4,23,5
selective,"2->4,1->4,2->3,1->2,0->2",0.7897815950493643,5,15,5,27,5
selective,"2->4,1->4,2->3,1->2,0->1",0.8320154567879792,5,15,5,26,5
selective,"2->4,1->4,2->3,0->2,0->1",0.7803965979403823,5,15,5,26,5
selective,"2->4,1->4,1->3,0->3,1->2",0.6554850029769526,5,14,4,24,5
selective,"2->4,1->4,1->3,0->3,0->2",0.42410271132442257,5,13,3,23,5
selective,"2->4,1->4,1->3,0->3,0->1",0.6066422637626043,5,13,3,24,5
selective,"2->4,1->4,1->3,1->2,0->2",0.7040105007725515,5,15,5,25,5
selective,"2->4,1->4,1->3,1->2,0->1",0.7734008667555613,5,14,4,24,5
selective,"2->4,1->4,1->3,0->2,0->1",0.655567456264688,5,14,4,25,5
selective,"2->4,1->4,0->3,1->2,0->2",0.6370488086488619,5,14,4,25,5
selective,"2->4,1->4,0->3,1->2,0->1",0.7252466217527159,5,14,4,26,5
selective,"2->4,1->4,0->3,0->2,0->1",0.6546192265346357,5,14,4,26,5
selective,"2->4,1->4,1->2,0->2,0->1",0.7732855250507428,5,14,4,25,5
selective,"2->4,0->4,2->3,1->3,0->3",0.6689471648394291,5,13,3,24,5
selective,"2->4,0->4,2->3,1->3,1->2",0.7753627192894247,5,14,4,18,5
selective,"2->4,0->4,2->3,1->3,0->2",0.6700329423550203,5,15,5,20,5
selective,"2->4,0->4,2->3,1->3,0->1",0.7717494148366735,5,14,4,20,5
selective,"2->4,0->4,2->3,0->3,1->2",0.7315884563170459,5,14,4,20,5
selective,"2->4,0->4,2->3,0->3,0->2",0.632192798601783,5,14,4,24,5
selective,"2->4,0->4,2->3,0->3,0->1",0.7482438244795337,5,13,3,23,5
selective,"2->4,0->4,2->3,1->2,0->2",0.7750054178926351,5,15,5,27,5
selective,"2->4,0->4,2->3,1->2,0->1",0.8212355251321501,5,14,4,26,5
selective,"2->4,0->4,2->3,0->2,0->1",0.7833990015668649,5,13,3,20,5
selective,"2->4,0->4,1->3,0->3,1->2",0.6077585272508037,5,13,3,20,5
selective,"2->4,0->4,1->3,0->3,0->2",0.39626033368570324,5,13,3,25,5
selective,"2->4,0->4,1->3,0->3,0->1",0.5939530128791362,5,12,2,23,5
selective,"2->4,0->4,1->3,1->2,0->2",0.6700329423550202,5,14,4,21,5
selective,"2->4,0->4,1->3,1->2,0->1",0.7474642490047634,5,14,4,20,5
selective,"2->4,0->4,1->3,0->2,0->1",0.6471039882973723,5,13,3,21,5
selective,"2->4,0->4,0->3,1->2,0->2",0.6124692422235412,5,14,4,25,5
selective,"2->4,0->4,0->3,1->2,0->1",0.7078023753415289,5,12,2,20,5
selective,"2->4,0->4,0->3,0->2,0->1",0.6620616182693946,5,13,3,25,5
selective,"2->4,0->4,1->2,0->2,0->1",0.7636184292640427,5,13,3,25,5
selective,"2->4,2->3,1->3,0->3,1->2",0.7943289393126236,5,15,5,24,5
selective,"2->4,2->3,1->3,0->3,0->2",0.7040105007725517,5,14,4,25,5
selective,"2->4,2->3,1->3,0->3,0->1",0.7919183097071508,5,14,4,24,5
selective,"2->4,2->3,1->3,1->2,0->2",0.8163740150498138,5,16,6,26,5
selective,"2->4,2->3,1->3,1->2,0->1",0.8567947894299505,5,16,6,25,5
selective,"2->4,2->3,1->3,0->2,0->1",0.8150665592247825,5,15,5,27,5
selective,"2->4,2->3,0->3,1->2,0->2",0.7897815950493643,5,15,5,21,5
selective,"2->4,2->3,0->3,1->2,0->1",0.8339213434702909,5,14,4,19,5
selective,"2->4,2->3,0->3,0->2,0->1",0.7991805286353143,5,14,4,20,5
selective,"2->4,2->3,1->2,0->2,0->1",0.8632321752620176,5,15,5,25,5
selective,"2->4,1->3,0->3,1->2,0->2",0.6782887475096575,5,14,4,25,5
selective,"2->4,1->3,0->3,1->2,0->1",0.7607456510041325,5,14,4,24,5
selective,"2->4,1->3,0->3,0->2,0->1",0.6772629965186792,5,14,4,25,5
selective,"2->4,1->3,1->2,0->2,0->1",0.7960379641327529,5,15,5,27,5
selective,"2->4,0->3,1->2,0->2,0->1",0.7772806807110516,5,14,4,21,5
selective,"1->4,0->4,2->3,1->3,0->3",0.6136648017929505,5,12,2,24,5
selective,"1->4,0->4,2->3,1->3,1->2",0.7528706781798078,5,13,3,20,5
selective,"1->4,0->4,2->3,1->3,0->2",0.6077585272508037,5,13,3,19,5
selective,"1->4,0->4,2->3,1->3,0->1",0.7293197428880768,5,14,4,20,5
selective,"1->4,0->4,2->3,0->3,1->2",0.6897407569165241,5,13,3,20,5
selective,"1->4,0->4,2->3,0->3,0->2",0.5455867211582519,5,12,2,20,5
selective,"1->4,0->4,2->3,0->3,0->1",0.6905546311820502,5,13,3,21,5
selective,"1->4,0->4,2->3,1->2,0->2",0.7315884563170459,5,12,2,20,5
selective,"1->4,0->4,2->3,1->2,0->1",0.790731879339762,5,13,3,22,5
selective,"1->4,0->4,2->3,0->2,0->1",0.7283713394890178,5,12,2,16,5
selective,"1->4,0->4,1->3,0->3,1->2",0.6136648017929505,5,13,3,24,5
selective,"1->4,0->4,1->3,0->3,0->2",0.3586956066251591,5,12,2,24,5
selective,"1->4,0->4,1->3,0->3,0->1",0.5693331846713825,5,13,3,25,5
selective,"1->4,0->4,1->3,1->2,0->2",0.668947164839429,5,12,2,23,5
selective,"1->4,0->4,1->3,1->2,0->1",0.7525537293925619,5,13,3,24,5
selective,"1->4,0->4,1->3,0->2,0->1",0.6271670604000649,5,12,2,21,5
selective,"1->4,0->4,0->3,1->2,0->2",0.5962880117835674,5,11,1,23,5
selective,"1->4,0->4,0->3,1->2,0->1",0.7015113076667209,5,13,3,25,5
selective,"1->4,0->4,0->3,0->2,0->1",0.6299358682099447,5,12,2,25,5
selective,"1->4,0->4,1->2,0->2,0->1",0.753471537662692,5,12,2,25,5
selective,"1->4,2->3,1->3,0->3,1->2",0.77828798909096,5,14,4,25,5
selective,"1->4,2->3,1->3,0->3,0->2",0.6554850029769528,5,13,3,24,5
selective,"1->4,2->3,1->3,0->3,0->1",0.7580551875070602,5,13,3,25,5
selective,"1->4,2->3,1->3,1->2,0->2",0.7943289393126235,5,15,5,26,5
selective,"1->4,2->3,1->3,1->2,0->1",0.8436249820650389,5,14,4,25,5
selective,"1->4,2->3,1->3,0->2,0->1",0.7803965979403824,5,14,4,26,5
selective,"1->4,2->3,0->3,1->2,0->2",0.7544506433275431,5,14,4,21,5
selective,"1->4,2->3,0->3,1->2,0->1",0.8097244736080174,5,14,4,22,5
selective,"1->4,2->3,0->3,0->2,0->1",0.7528007617254033,5,15,5,22,5
selective,"1->4,2->3,1->2,0->2,0->1",0.8368701280615334,5,14,4,21,5
selective,"1->4,1->3,0->3,1->2,0->2",0.6805693088320333,5,13,3,19,5
selective,"1->4,1->3,0->3,1->2,0->1",0.767286792466852,5,14,4,21,5
selective,"1->4,1->3,0->3,0->2,0->1",0.6599020764506345,5,13,3,20,5
selective,"1->4,1->3,1->2,0->2,0->1",0.7972816095877427,5,14,4,25,5
selective,"1->4,0->3,1->2,0->2,0->1",0.7694650522900229,5,14,4,21,5
selective,"0->4,2->3,1->3,0->3,1->2",0.7528706781798078,5,13,3,21,5
selective,"0->4,2->3,1->3,0->3,0->2",0.6490733840624945,5,13,3,26,5
selective,"0->4,2->3,1->3,0->3,0->1",0.7581482377042973,5,12,2,24,5
selective,"0->4,2->3,1->3,1->2,0->2",0.7753627192894245,5,14,4,20,5
selective,"0->4,2->3,1->3,1->2,0->1",0.830490187780565,5,14,4,17,5
selective,"0->4,2->3,1->3,0->2,0->1",0.783222521532938,5,13,3,21,5
selective,"0->4,2->3,0->3,1->2,0->2",0.7386314343365921,5,14,4,26,5
selective,"0->4,2->3,0->3,1->2,0->1",0.7996414080485696,5,13,3,22,5
selective,"0->4,2->3,0->3,0->2,0->1",0.7639608736955864,5,13,3,25,5
selective,"0->4,2->3,1->2,0->2,0->1",0.8325089235163636,5,13,3,24,5
selective,"0->4,1->3,0->3,1->2,0->2",0.64825046166975,5,12,2,19,5
selective,"0->4,1->3,0->3,1->2,0->1",0.7455716070488353,5,14,4,21,5
selective,"0->4,1->3,0->3,0->2,0->1",0.6649476026898287,5,13,3,21,5
selective,"0->4,1->3,1->2,0->2,0->1",0.7832705106546075,5,13,3,21,5
selective,"0->4,0->3,1->2,0->2,0->1",0.7663690213723107,5,13,3,25,5
selective,"2->3,1->3,0->3,1->2,0->2",0.7967166300095743,5,14,4,26,5
selective,"2->3,1->3,0->3,1->2,0->1",0.8463228737723892,5,14,4,25,5
selective,"2->3,1->3,0->3,0->2,0->1",0.8062084611649922,5,14,4,26,5
selective,"2->3,1->3,1->2,0->2,0->1",0.8651768803681196,5,15,5,28,5
selective,"2->3,0->3,1->2,0->2,0->1",0.8463228737723891,5,14,4,22,5
selective,"1->3,0->3,1->2,0->2,0->1",0.7967166300095743,5,13,3,21,5
selective,"3->4,2->4,1->4,0->4,2->3,1->3",0.8094526828710743,4,11,3,21,6
selective,"3->4,2->4,1->4,0->4,2->3,0->3",0.7844070212110879,4,10,2,21,6
selective,"3->4,2->4,1->4,0->4,2->3,1->2",0.855755047092348,4,11,3,21,6
selective,"3->4,2->4,1->4,0->4,2->3,0->2",0.7935480635337433,4,11,3,17,6
selective,"3->4,2->4,1->4,0->4,2->3,0->1",0.8549144478161268,4,11,3,21,6
selective,"3->4,2->4,1->4,0->4,1->3,0->3",0.6864869506749336,4,9,1,19,6
selective,"3->4,2->4,1->4,0->4,1->3,1->2",0.8196634505911907,4,11,3,20,6
selective,"3->4,2->4,1->4,0->4,1->3,0->2",0.7041534483341794,4,10,2,19,6
selective,"3->4,2->4,1->4,0->4,1->3,0->1",0.7919798766371945,4,10,2,20,6
selective,"3->4,2->4,1->4,0->4,0->3,1->2",0.7717832838759995,4,10,2,16,6
selective,"3->4,2->4,1->4,0->4,0->3,0->2",0.6857780723445319,4,10,2,21,6
selective,"3->4,2->4,1->4,0->4,0->3,0->1",0.7869005082336067,4,9,1,19,6
selective,"3->4,2->4,1->4,0->4,1->2,0->2",0.813081851279738,4,10,2,20,6
selective,"3->4,2->4,1->4,0->4,1->2,0->1",0.8534649410332216,4,11,3,22,6
selective,"3->4,2->4,1->4,0->4,0->2,0->1",0.8178250525338724,4,10,2,16,6
selective,"3->4,2->4,1->4,2->3,1->3,0->3",0.8191613514812548,4,12,4,21,6
selective,"3->4,2->4,1->4,2->3,1->3,1->2",0.8824376205092562,4,13,5,23,6
selective,"3->4,2->4,1->4,2->3,1->3,0->2",0.8190442502224775,4,13,5,22,6
selective,"3->4,2->4,1->4,2->3,1->3,0->1",0.872947893755984,4,12,4,21,6
selective,"3->4,2->4,1->4,2->3,0->3,1->2",0.8586352208893769,4,13,5,22,6
selective,"3->4,2->4,1->4,2->3,0->3,0->2",0.7998835800204184,4,12,4,22,6
selective,"3->4,2->4,1->4,2->3,0->3,0->1",0.8616849966995435,4,12,4,21,6
selective,"3->4,2->4,1->4,2->3,1->2,0->2",0.8791487626823801,4,13,5,23,6
selective,"3->4,2->4,1->4,2->3,1->2,0->1",0.9039517961077433,4,13,5,22,6
selective,"3->4,2->4,1->4,2->3,0->2,0->1",0.8794801038865293,4,13,5,24,6
selective,"3->4,2->4,1->4,1->3,0->3,1->2",0.8155785586645832,4,12,4,20,6
selective,"3->4,2->4,1->4,1->3,0->3,0->2",0.7075860843239722,4,11,3,19,6
selective,"3->4,2->4,1->4,1->3,0->3,0->1",0.8004020828270384,4,11,3,20,6
selective,"3->4,2->4,1->4,1->3,1->2,0->2",0.8410120811324772,4,13,5,21,6
selective,"3->4,2->4,1->4,1->3,1->2,0->1",0.8788802882281201,4,12,4,20,6
selective,"3->4,2->4,1->4,1->3,0->2,0->1",0.8253576283560792,4,12,4,21,6
selective,"3->4,2->4,1->4,0->3,1->2,0->2",0.8097950942968243,4,12,4,21,6
selective,"3->4,2->4,1->4,0->3,1->2,0->1",0.8567648582662106,4,12,4,22,6
selective,"3->4,2->4,1->4,0->3,0->2,0->1",0.8276642862505308,4,12,4,22,6
selective,"3->4,2->4,1->4,1->2,0->2,0->1",0.8818738348618197,4,12,4,21,6
selective,"3->4,2->4,0->4,2->3,1->3,0->3",0.8078307262682731,4,11,3,21,6
selective,"3->4,2->4,0->4,2->3,1->3,1->2",0.8727030210787039,4,12,4,16,6
selective,"3->4,2->4,0->4,2->3,1->3,0->2",0.8089598494936957,4,13,5,17,6
selective,"3->4,2->4,0->4,2->3,1->3,0->1",0.8663017857655237,4,12,4,17,6
selective,"3->4,2->4,0->4,2->3,0->3,1->2",0.8459197110391826,4,12,4,17,6
selective,"3->4,2->4,0->4,2->3,0->3,0->2",0.7879107275539712,4,12,4,21,6
selective,"3->4,2->4,0->4,2->3,0->3,0->1",0.8535920685474354,4,11,3,20,6
selective,"3->4,2->4,0->4,2->3,1->2,0->2",0.8710278786014003,4,13,5,24,6
selective,"3->4,2->4,0->4,2->3,1->2,0->1",0.8965063405763157,4,12,4,23,6
selective,"3->4,2->4,0->4,2->3,0->2,0->1",0.8732889149582541,4,11,3,17,6
selective,"3->4,2->4,0->4,1->3,0->3,1->2",0.7956548003861776,4,11,3,16,6
selective,"3->4,2->4,0->4,1->3,0->3,0->2",0.682882894795136,4,11,3,21,6
selective,"3->4,2->4,0->4,1->3,0->3,0->1",0.7837641645856664,4,10,2,19,6
selective,"3->4,2->4,0->4,1->3,1->2,0->2",0.8272625992451025,4,12,4,17,6
selective,"3->4,2->4,0->4,1->3,1->2,0->1",0.866233417771396,4,12,4,16,6
selective,"3->4,2->4,0->4,1->3,0->2,0->1",0.8110006980446003,4,11,3,17,6
selective,"3->4,2->4,0->4,0->3,1->2,0->2",0.7961341470594354,4,12,4,21,6
selective,"3->4,2->4,0->4,0->3,1->2,0->1",0.8445027739448601,4,10,2,16,6
selective,"3->4,2->4,0->4,0->3,0->2,0->1",0.8178250525338724,4,11,3,21,6
selective,"3->4,2->4,0->4,1->2,0->2,0->1",0.8732889149582541,4,11,3,21,6
selective,"3->4,2->4,2->3,1->3,0->3,1->2",0.878361078746377,4,13,5,21,6
selective,"3->4,2->4,2->3,1->3,0->3,0->2",0.8227726130245248,4,12,4,22,6
selective,"3->4,2->4,2->3,1->3,0->3,0->1",0.8759286402171791,4,12,4,21,6
selective,"3->4,2->4,2->3,1->3,1->2,0->2",0.8919612031409716,4,14,6,23,6
selective,"3->4,2->4,2->3,1->3,1->2,0->1",0.9157355502300748,4,14,6,22,6
selective,"3->4,2->4,2->3,1->3,0->2,0->1",0.8896302150514324,4,13,5,24,6
selective,"3->4,2->4,2->3,0->3,1->2,0->2",0.8754799776275336,4,13,5,18,6
selective,"3->4,2->4,2->3,0->3,1->2,0->1",0.9019670894997289,4,12,4,16,6
selective,"3->4,2->4,2->3,0->3,0->2,0->1",0.8818738348618198,4,12,4,17,6
selective,"3->4,2->4,2->3,1->2,0->2,0->1",0.9193832859471046,4,13,5,22,6
selective,"3->4,2->4,1->3,0->3,1->2,0->2",0.8259126920266475,4,12,4,21,6
selective,"3->4,2->4,1->3,0->3,1->2,0->1",0.870532518787611,4,12,4,20,6
selective,"3->4,2->4,1->3,0->3,0->2,0->1",0.8253576283560792,4,12,4,21,6
selective,"3->4,2->4,1->3,1->2,0->2,0->1",0.8896302150514324,4,13,5,23,6
selective,"3->4,2->4,0->3,1->2,0->2,0->1",0.8794801038865293,4,12,4,17,6
selective,"3->4,1->4,0->4,2->3,1->3,0->3",0.7797123728320647,4,10,2,20,6
selective,"3->4,1->4,0->4,2->3,1->3,1->2",0.8538497431931672,4,11,3,16,6
selective,"3->4,1->4,0->4,2->3,1->3,0->2",0.776267083125139,4,11,3,15,6
selective,"3->4,1->4,0->4,2->3,1->3,0->1",0.8438213031595327,4,12,4,16,6
selective,"3->4,1->4,0->4,2->3,0->3,1->2",0.8200308747002246,4,11,3,16,6
selective,"3->4,1->4,0->4,2->3,0->3,0->2",0.7443203441148312,4,10,2,16,6
selective,"3->4,1->4,0->4,2->3,0->3,0->1",0.8237172344755044,4,11,3,17,6
selective,"3->4,1->4,0->4,2->3,1->2,0->2",0.8426523902997086,4,10,2,16,6
selective,"3->4,1->4,0->4,2->3,1->2,0->1",0.8769129861587776,4,11,3,18,6
selective,"3->4,1->4,0->4,2->3,0->2,0->1",0.84450277394486,4,10,2,12,6
selective,"3->4,1->4,0->4,1->3,0->3,1->2",0.7709587256653867,4,11,3,20,6
selective,"3->4,1->4,0->4,1->3,0->3,0->2",0.6341084858544743,4,10,2,20,6
selective,"3->4,1->4,0->4,1->3,0->3,0->1",0.7513376342195818,4,11,3,21,6
selective,"3->4,1->4,0->4,1->3,1->2,0->2",0.8022999059147502,4,10,2,19,6
selective,"3->4,1->4,0->4,1->3,1->2,0->1",0.8513434678366731,4,11,3,20,6
selective,"3->4,1->4,0->4,1->3,0->2,0->1",0.7837641645856664,4,10,2,17,6
selective,"3->4,1->4,0->4,0->3,1->2,0->2",0.7629228054335653,4,9,1,19,6
selective,"3->4,1->4,0->4,0->3,1->2,0->1",0.8237172344755044,4,11,3,21,6
selective,"3->4,1->4,0->4,0->3,0->2,0->1",0.7869005082336067,4,10,2,21,6
selective,"3->4,1->4,0->4,1->2,0->2,0->1",0.8535920685474353,4,10,2,21,6
selective,"3->4,1->4,2->3,1->3,0->3,1->2",0.8637057531371046,4,12,4,21,6
selective,"3->4,1->4,2->3,1->3,0->3,0->2",0.796666782871553,4,11,3,20,6
selective,"3->4,1->4,2->3,1->3,0->3,0->1",0.8573158803454479,4,11,3,21,6
selective,"3->4,1->4,2->3,1->3,1->2,0->2",0.8731197922197443,4,13,5,22,6
selective,"3->4,1->4,2->3,1->3,1->2,0->1",0.9039517961077432,4,12,4,21,6
selective,"3->4,1->4,2->3,1->3,0->2,0->1",0.870532518787611,4,12,4,22,6
selective,"3->4,1->4,2->3,0->3,1->2,0->2",0.8517096116588475,4,12,4,17,6
selective,"3->4,1->4,2->3,0->3,1->2,0->1",0.8857343387595755,4,12,4,18,6
selective,"3->4,1->4,2->3,0->3,0->2,0->1",0.8567648582662106,4,13,5,18,6
selective,"3->4,1->4,2->3,1->2,0->2,0->1",0.9019670894997289,4,12,4,17,6
selective,"3->4,1->4,1->3,0->3,1->2,0->2",0.8032624980774896,4,11,3,15,6
selective,"3->4,1->4,1->3,0->3,1->2,0->1",0.8573158803454478,4,12,4,17,6
selective,"3->4,1->4,1->3,0->3,0->2,0->1",0.8004020828270383,4,11,3,16,6
selective,"3->4,1->4,1->3,1->2,0->2,0->1",0.8759286402171791,4,12,4,21,6
selective,"3->4,1->4,0->3,1->2,0->2,0->1",0.8616849966995435,4,12,4,17,6
selective,"3->4,0->4,2->3,1->3,0->3,1->2",0.8508390411790444,4,11,3,17,6
selective,"3->4,0->4,2->3,1->3,0->3,0->2",0.7867486555260782,4,11,3,22,6
selective,"3->4,0->4,2->3,1->3,0->3,0->1",0.8513434678366731,4,10,2,20,6
selective,"3->4,0->4,2->3,1->3,1->2,0->2",0.8639668385467449,4,12,4,16,6
selective,"3->4,0->4,2->3,1->3,1->2,0->1",0.8963545187642966,4,12,4,13,6
selective,"3->4,0->4,2->3,1->3,0->2,0->1",0.8662334177713958,4,11,3,17,6
selective,"3->4,0->4,2->3,0->3,1->2,0->2",0.840916525593139,4,12,4,22,6
selective,"3->4,0->4,2->3,0->3,1->2,0->1",0.8769129861587776,4,11,3,18,6
selective,"3->4,0->4,2->3,0->3,0->2,0->1",0.8534649410332215,4,11,3,21,6
selective,"3->4,0->4,2->3,1->2,0->2,0->1",0.8965063405763156,4,11,3,20,6
selective,"3->4,0->4,1->3,0->3,1->2,0->2",0.7863874179649999,4,10,2,15,6
selective,"3->4,0->4,1->3,0->3,1->2,0->1",0.8438213031595327,4,12,4,17,6
selective,"3->4,0->4,1->3,0->3,0->2,0->1",0.7919798766371945,4,11,3,17,6
selective,"3->4,0->4,1->3,1->2,0->2,0->1",0.8663017857655237,4,11,3,17,6
selective,"3->4,0->4,0->3,1->2,0->2,0->1",0.8549144478161267,4,11,3,21,6
selective,"3->4,2->3,1->3,0->3,1->2,0->2",0.8729478937559839,4,12,4,22,6
selective,"3->4,2->3,1->3,0->3,1->2,0->1",0.9039517961077432,4,12,4,21,6
selective,"3->4,2->3,1->3,0->3,0->2,0->1",0.8788802882281201,4,12,4,22,6
selective,"3->4,2->3,1->3,1->2,0->2,0->1",0.9157355502300748,4,13,5,24,6
selective,"3->4,2->3,0->3,1->2,0->2,0->1",0.9039517961077432,4,12,4,18,6
selective,"3->4,1->3,0->3,1->2,0->2,0->1",0.8729478937559839,4,11,3,17,6
selective,"2->4,1->4,0->4,2->3,1->3,0->3",0.6890295914453544,4,9,1,15,6
selective,"2->4,1->4,0->4,2->3,1->3,1->2",0.8018057362076348,4,11,3,18,6
selective,"2->4,1->4,0->4,2->3,1->3,0->2",0.6917907492841571,4,10,2,15,6
selective,"2->4,1->4,0->4,2->3,1->3,0->1",0.786387417965,4,10,2,16,6
selective,"2->4,1->4,0->4,2->3,0->3,1->2",0.7615864573357483,4,10,2,13,6
selective,"2->4,1->4,0->4,2->3,0->3,0->2",0.6541100048787806,4,10,2,19,6
selective,"2->4,1->4,0->4,2->3,0->3,0->1",0.7629228054335654,4,9,1,17,6
selective,"2->4,1->4,0->4,2->3,1->2,0->2",0.7966427274023843,4,10,2,20,6
selective,"2->4,1->4,0->4,2->3,1->2,0->1",0.8409165255931391,4,11,3,22,6
selective,"2->4,1->4,0->4,2->3,0->2,0->1",0.7961341470594354,4,10,2,16,6
selective,"2->4,1->4,0->4,1->3,0->3,1->2",0.6684806535724673,4,9,1,17,6
selective,"2->4,1->4,0->4,1->3,0->3,0->2",0.45764604939572984,4,8,0,17,6
selective,"2->4,1->4,0->4,1->3,0->3,0->1",0.6341084858544744,4,9,1,18,6
selective,"2->4,1->4,0->4,1->3,1->2,0->2",0.7145567660509403,4,10,2,18,6
selective,"2->4,1->4,0->4,1->3,1->2,0->1",0.7867486555260783,4,10,2,19,6
selective,"2->4,1->4,0->4,1->3,0->2,0->1",0.682882894795136,4,10,2,19,6
selective,"2->4,1->4,0->4,0->3,1->2,0->2",0.6541100048787809,4,9,1,18,6
selective,"2->4,1->4,0->4,0->3,1->2,0->1",0.7443203441148313,4,9,1,15,6
selective,"2->4,1->4,0->4,0->3,0->2,0->1",0.6857780723445321,4,9,1,19,6
selective,"2->4,1->4,0->4,1->2,0->2,0->1",0.7879107275539713,4,10,2,20,6
selective,"2->4,1->4,2->3,1->3,0->3,1->2",0.8165958632600339,4,12,4,19,6
selective,"2->4,1->4,2->3,1->3,0->3,0->2",0.7198826564459064,4,11,3,15,6
selective,"2->4,1->4,2->3,1->3,0->3,0->1",0.8032624980774897,4,11,3,16,6
selective,"2->4,1->4,2->3,1->3,1->2,0->2",0.8342169405479118,4,13,5,20,6
selective,"2->4,1->4,2->3,1->3,1->2,0->1",0.872947893755984,4,12,4,19,6
selective,"2->4,1->4,2->3,1->3,0->2,0->1",0.8259126920266474,4,12,4,17,6
selective,"2->4,1->4,2->3,0->3,1->2,0->2",0.8093275686369701,4,12,4,19,6
selective,"2->4,1->4,2->3,0->3,1->2,0->1",0.8517096116588476,4,12,4,22,6
selective,"2->4,1->4,2->3,0->3,0->2,0->1",0.8097950942968243,4,12,4,20,6
selective,"2->4,1->4,2->3,1->2,0->2,0->1",0.8754799776275336,4,12,4,21,6
selective,"2->4,1->4,1->3,0->3,1->2,0->2",0.7198826564459064,4,11,3,19,6
selective,"2->4,1->4,1->3,0->3,1->2,0->1",0.7966667828715531,4,11,3,19,6
selective,"2->4,1->4,1->3,0->3,0->2,0->1",0.7075860843239722,4,11,3,20,6
selective,"2->4,1->4,1->3,1->2,0->2,0->1",0.8227726130245248,4,12,4,20,6
selective,"2->4,1->4,0->3,1->2,0->2,0->1",0.7998835800204184,4,12,4,21,6
selective,"2->4,0->4,2->3,1->3,0->3,1->2",0.7985061708214921,4,11,3,15,6
selective,"2->4,0->4,2->3,1->3,0->3,0->2",0.7145567660509404,4,11,3,20,6
selective,"2->4,0->4,2->3,1->3,0->3,0->1",0.8022999059147502,4,10,2,18,6
selective,"2->4,0->4,2->3,1->3,1->2,0->2",0.8218177275432976,4,12,4,16,6
selective,"2->4,0->4,2->3,1->3,1->2,0->1",0.863966838546745,4,11,3,14,6
selective,"2->4,0->4,2->3,1->3,0->2,0->1",0.8272625992451025,4,11,3,15,6
selective,"2->4,0->4,2->3,0->3,1->2,0->2",0.7966427274023843,4,12,4,20,6
selective,"2->4,0->4,2->3,0->3,1->2,0->1",0.8426523902997086,4,10,2,15,6
selective,"2->4,0->4,2->3,0->3,0->2,0->1",0.813081851279738,4,11,3,20,6
selective,"2->4,0->4,2->3,1->2,0->2,0->1",0.8710278786014003,4,11,3,20,6
selective,"2->4,0->4,1->3,0->3,1->2,0->2",0.6917907492841571,4,11,3,19,6
selective,"2->4,0->4,1->3,0->3,1->2,0->1",0.776267083125139,4,10,2,16,6
selective,"2->4,0->4,1->3,0->3,0->2,0->1",0.7041534483341796,4,10,2,19,6
selective,"2->4,0->4,1->3,1->2,0->2,0->1",0.8089598494936957,4,11,3,17,6
selective,"2->4,0->4,0->3,1->2,0->2,0->1",0.7935480635337433,4,10,2,20,6
selective,"2->4,2->3,1->3,0->3,1->2,0->2",0.834216940547912,4,12,4,20,6
selective,"2->4,2->3,1->3,0->3,1->2,0->1",0.8731197922197445,4,12,4,19,6
selective,"2->4,2->3,1->3,0->3,0->2,0->1",0.8410120811324773,4,12,4,20,6
selective,"2->4,2->3,1->3,1->2,0->2,0->1",0.8919612031409716,4,13,5,22,6
selective,"2->4,2->3,0->3,1->2,0->2,0->1",0.8791487626823801,4,12,4,16,6
selective,"2->4,1->3,0->3,1->2,0->2,0->1",0.8190442502224775,4,12,4,20,6
selective,"1->4,0->4,2->3,1->3,0->3,1->2",0.7818225080356795,4,10,2,18,6
selective,"1->4,0->4,2->3,1->3,0->3,0->2",0.6684806535724673,4,9,1,18,6
selective,"1->4,0->4,2->3,1->3,0->3,0->1",0.7709587256653867,4,10,2,20,6
selective,"1->4,0->4,2->3,1->3,1->2,0->2",0.798506170821492,4,10,2,14,6
selective,"1->4,0->4,2->3,1->3,1->2,0->1",0.8508390411790445,4,11,3,16,6
selective,"1->4,0->4,2->3,1->3,0->2,0->1",0.7956548003861779,4,10,2,15,6
selective,"1->4,0->4,2->3,0->3,1->2,0->2",0.7615864573357481,4,9,1,14,6
selective,"1->4,0->4,2->3,0->3,1->2,0->1",0.8200308747002246,4,11,3,17,6
selective,"1->4,0->4,2->3,0->3,0->2,0->1",0.7717832838759995,4,10,2,16,6
selective,"1->4,0->4,2->3,1->2,0->2,0->1",0.8459197110391825,4,10,2,16,6
selective,"1->4,0->4,1->3,0->3,1->2,0->2",0.6890295914453544,4,9,1,15,6
selective,"1->4,0->4,1->3,0->3,1->2,0->1",0.7797123728320647,4,11,3,20,6
selective,"1->4,0->4,1->3,0->3,0->2,0->1",0.6864869506749336,4,10,2,21,6
selective,"1->4,0->4,1->3,1->2,0->2,0->1",0.8078307262682731,4,10,2,19,6
selective,"1->4,0->4,0->3,1->2,0->2,0->1",0.7844070212110879,4,9,1,19,6
selective,"1->4,2->3,1->3,0->3,1->2,0->2",0.8165958632600339,4,11,3,19,6
selective,"1->4,2->3,1->3,0->3,1->2,0->1",0.8637057531371046,4,11,3,20,6
selective,"1->4,2->3,1->3,0->3,0->2,0->1",0.8155785586645832,4,11,3,21,6
selective,"1->4,2->3,1->3,1->2,0->2,0->1",0.878361078746377,4,12,4,21,6
selective,"1->4,2->3,0->3,1->2,0->2,0->1",0.8586352208893768,4,12,4,17,6
selective,"1->4,1->3,0->3,1->2,0->2,0->1",0.8191613514812547,4,11,3,16,6
selective,"0->4,2->3,1->3,0->3,1->2,0->2",0.8018057362076347,4,11,3,20,6
selective,"0->4,2->3,1->3,0->3,1->2,0->1",0.8538497431931672,4,10,2,16,6
selective,"0->4,2->3,1->3,0->3,0->2,0->1",0.8196634505911907,4,10,2,20,6
selective,"0->4,2->3,1->3,1->2,0->2,0->1",0.8727030210787038,4,11,3,17,6
selective,"0->4,2->3,0->3,1->2,0->2,0->1",0.855755047092348,4,11,3,22,6
selective,"0->4,1->3,0->3,1->2,0->2,0->1",0.8094526828710743,4,10,2,16,6
selective,"2->3,1->3,0->3,1->2,0->2,0->1",0.8824376205092562,4,12,4,21,6
selective,"3->4,2->4,1->4,0->4,2->3,1->3,0->3",0.8299875588220733,3,7,1,15,7
selective,"3->4,2->4,1->4,0->4,2->3,1->3,1->2",0.8894310207015992,3,9,3,17,7
selective,"3->4,2->4,1->4,0->4,2->3,1->3,0->2",0.8317519896392667,3,8,2,15,7
selective,"3->4,2->4,1->4,0->4,2->3,1->3,0->1",0.8819136018423934,3,8,2,16,7
selective,"3->4,2->4,1->4,0->4,2->3,0->3,1->2",0.867134003908992,3,8,2,12,7
selective,"3->4,2->4,1->4,0->4,2->3,0->3,0->2",0.8143180299325534,3,8,2,17,7
selective,"3->4,2->4,1->4,0->4,2->3,0->3,0->1",0.8715328239823165,3,7,1,15,7
selective,"3->4,2->4,1->4,0->4,2->3,1->2,0->2",0.8862627556714845,3,8,2,16,7
selective,"3->4,2->4,1->4,0->4,2->3,1->2,0->1",0.9103983560192699,3,9,3,18,7
selective,"3->4,2->4,1->4,0->4,2->3,0->2,0->1",0.8886758714252536,3,8,2,12,7
selective,"3->4,2->4,1->4,0->4,1->3,0->3,1->2",0.8287913209908038,3,7,1,13,7
selective,"3->4,2->4,1->4,0->4,1->3,0->3,0->2",0.7326042634334208,3,6,0,13,7
selective,"3->4,2->4,1->4,0->4,1->3,0->3,0->1",0.8169847861885065,3,7,1,14,7
selective,"3->4,2->4,1->4,0->4,1->3,1->2,0->2",0.851628018057863,3,8,2,14,7
selective,"3->4,2->4,1->4,0->4,1->3,1->2,0->1",0.8880110856361327,3,8,2,15,7
selective,"3->4,2->4,1->4,0->4,1->3,0->2,0->1",0.8404192117129798,3,8,2,15,7
selective,"3->4,2->4,1->4,0->4,0->3,1->2,0->2",0.823798089071925,3,7,1,14,7
selective,"3->4,2->4,1->4,0->4,0->3,1->2,0->1",0.8685168487910674,3,7,1,11,7
selective,"3->4,2->4,1->4,0->4,0->3,0->2,0->1",0.8434136716294457,3,7,1,15,7
selective,"3->4,2->4,1->4,0->4,1->2,0->2,0->1",0.890472750763492,3,8,2,16,7
selective,"3->4,2->4,1->4,2->3,1->3,0->3,1->2",0.8935217652794023,3,10,4,17,7
selective,"3->4,2->4,1->4,2->3,1->3,0->3,0->2",0.8420420052762176,3,9,3,15,7
selective,"3->4,2->4,1->4,2->3,1->3,0->3,0->1",0.8896008161026492,3,9,3,16,7
selective,"3->4,2->4,1->4,2->3,1->3,1->2,0->2",0.9037365406405844,3,11,5,18,7
selective,"3->4,2->4,1->4,2->3,1->3,1->2,0->1",0.9265235128182852,3,10,4,17,7
selective,"3->4,2->4,1->4,2->3,1->3,0->2,0->1",0.9020795850402711,3,10,4,17,7
selective,"3->4,2->4,1->4,2->3,0->3,1->2,0->2",0.8900173363213313,3,10,4,17,7
selective,"3->4,2->4,1->4,2->3,0->3,1->2,0->1",0.9151735814252728,3,10,4,18,7
selective,"3->4,2->4,1->4,2->3,0->3,0->2,0->1",0.895930645255848,3,10,4,18,7
selective,"3->4,2->4,1->4,2->3,1->2,0->2,0->1",0.928880518736781,3,10,4,17,7
selective,"3->4,2->4,1->4,1->3,0->3,1->2,0->2",0.8497753530512685,3,9,3,15,7
selective,"3->4,2->4,1->4,1->3,0->3,1->2,0->1",0.891320911943975,3,9,3,15,7
selective,"3->4,2->4,1->4,1->3,0->3,0->2,0->1",0.8517125208856314,3,9,3,16,7
selective,"3->4,2->4,1->4,1->3,1->2,0->2,0->1",0.9055946666975517,3,10,4,16,7
selective,"3->4,2->4,1->4,0->3,1->2,0->2,0->1",0.895930645255848,3,10,4,17,7
selective,"3->4,2->4,0->4,2->3,1->3,0->3,1->2",0.8849519122460272,3,9,3,12,7
selective,"3->4,2->4,0->4,2->3,1->3,0->3,0->2",0.8337260174148357,3,9,3,17,7
selective,"3->4,2->4,0->4,2->3,1->3,0->3,0->1",0.8839597413197826,3,8,2,15,7
selective,"3->4,2->4,0->4,2->3,1->3,1->2,0->2",0.8982040525460415,3,10,4,13,7
selective,"3->4,2->4,0->4,2->3,1->3,1->2,0->1",0.9214567921920188,3,9,3,12,7
selective,"3->4,2->4,0->4,2->3,1->3,0->2,0->1",0.8977858319331017,3,9,3,12,7
selective,"3->4,2->4,0->4,2->3,0->3,1->2,0->2",0.8825328890178785,3,10,4,17,7
selective,"3->4,2->4,0->4,2->3,0->3,1->2,0->1",0.9084950428421471,3,8,2,12,7
selective,"3->4,2->4,0->4,2->3,0->3,0->2,0->1",0.890472750763492,3,9,3,17,7
selective,"3->4,2->4,0->4,2->3,1->2,0->2,0->1",0.9245112211794755,3,9,3,17,7
selective,"3->4,2->4,0->4,1->3,0->3,1->2,0->2",0.8380981938590816,3,9,3,15,7
selective,"3->4,2->4,0->4,1->3,0->3,1->2,0->1",0.8809327343035385,3,8,2,12,7
selective,"3->4,2->4,0->4,1->3,0->3,0->2,0->1",0.84041921171298,3,8,2,15,7
selective,"3->4,2->4,0->4,1->3,1->2,0->2,0->1",0.8977858319331017,3,9,3,13,7
selective,"3->4,2->4,0->4,0->3,1->2,0->2,0->1",0.8886758714252537,3,8,2,16,7
selective,"3->4,2->4,2->3,1->3,0->3,1->2,0->2",0.9020856856952282,3,10,4,17,7
selective,"3->4,2->4,2->3,1->3,0->3,1->2,0->1",0.9254406030156287,3,10,4,16,7
selective,"3->4,2->4,2->3,1->3,0->3,0->2,0->1",0.9055946666975517,3,10,4,17,7
selective,"3->4,2->4,2->3,1->3,1->2,0->2,0->1",0.9363148698635742,3,11,5,19,7
selective,"3->4,2->4,2->3,0->3,1->2,0->2,0->1",0.9288805187367811,3,10,4,13,7
selective,"3->4,2->4,1->3,0->3,1->2,0->2,0->1",0.902079585040271,3,10,4,16,7
selective,"3->4,1->4,0->4,2->3,1->3,0->3,1->2",0.8704254093302559,3,8,2,14,7
selective,"3->4,1->4,0->4,2->3,1->3,0->3,0->2",0.8098208839196152,3,7,1,14,7
selective,"3->4,1->4,0->4,2->3,1->3,0->3,0->1",0.867132376312023,3,8,2,16,7
selective,"3->4,1->4,0->4,2->3,1->3,1->2,0->2",0.8796211409252667,3,8,2,11,7
selective,"3->4,1->4,0->4,2->3,1->3,1->2,0->1",0.91023680711738,3,9,3,13,7
selective,"3->4,1->4,0->4,2->3,1->3,0->2,0->1",0.8809327343035385,3,8,2,11,7
selective,"3->4,1->4,0->4,2->3,0->3,1->2,0->2",0.8598651971002665,3,7,1,10,7
selective,"3->4,1->4,0->4,2->3,0->3,1->2,0->1",0.8936247838608985,3,9,3,13,7
selective,"3->4,1->4,0->4,2->3,0->3,0->2,0->1",0.8685168487910673,3,8,2,12,7
selective,"3->4,1->4,0->4,2->3,1->2,0->2,0->1",0.9084950428421471,3,8,2,12,7
selective,"3->4,1->4,0->4,1->3,0->3,1->2,0->2",0.8140251494559448,3,7,1,11,7
selective,"3->4,1->4,0->4,1->3,0->3,1->2,0->1",0.867132376312023,3,9,3,16,7
selective,"3->4,1->4,0->4,1->3,0->3,0->2,0->1",0.8169847861885063,3,8,2,17,7
selective,"3->4,1->4,0->4,1->3,1->2,0->2,0->1",0.8839597413197825,3,8,2,15,7
selective,"3->4,1->4,0->4,0->3,1->2,0->2,0->1",0.8715328239823165,3,7,1,15,7
selective,"3->4,1->4,2->3,1->3,0->3,1->2,0->2",0.8870291043836096,3,9,3,15,7
selective,"3->4,1->4,2->3,1->3,0->3,1->2,0->1",0.9163520268774208,3,9,3,16,7
selective,"3->4,1->4,2->3,1->3,0->3,0->2,0->1",0.8913209119439749,3,9,3,17,7
selective,"3->4,1->4,2->3,1->3,1->2,0->2,0->1",0.9254406030156287,3,10,4,17,7
selective,"3->4,1->4,2->3,0->3,1->2,0->2,0->1",0.9151735814252728,3,10,4,13,7
selective,"3->4,1->4,1->3,0->3,1->2,0->2,0->1",0.8896008161026492,3,9,3,12,7
selective,"3->4,0->4,2->3,1->3,0->3,1->2,0->2",0.8795326457066807,3,9,3,16,7
selective,"3->4,0->4,2->3,1->3,0->3,1->2,0->1",0.9102368071173799,3,8,2,12,7
selective,"3->4,0->4,2->3,1->3,0->3,0->2,0->1",0.8880110856361326,3,8,2,16,7
selective,"3->4,0->4,2->3,1->3,1->2,0->2,0->1",0.9214567921920188,3,9,3,13,7
selective,"3->4,0->4,2->3,0->3,1->2,0->2,0->1",0.9103983560192698,3,9,3,18,7
selective,"3->4,0->4,1->3,0->3,1->2,0->2,0->1",0.8819136018423933,3,8,2,12,7
selective,"3->4,2->3,1->3,0->3,1->2,0->2,0->1",0.9265235128182852,3,10,4,17,7
selective,"2->4,1->4,0->4,2->3,1->3,0->3,1->2",0.8212012970473213,3,7,1,11,7
selective,"2->4,1->4,0->4,2->3,1->3,0->3,0->2",0.7317231415258194,3,6,0,9,7
selective,"2->4,1->4,0->4,2->3,1->3,0->3,0->1",0.8140251494559448,3,7,1,10,7
selective,"2->4,1->4,0->4,2->3,1->3,1->2,0->2",0.839368436263612,3,8,2,14,7
selective,"2->4,1->4,0->4,2->3,1->3,1->2,0->1",0.8795326457066808,3,8,2,13,7
selective,"2->4,1->4,0->4,2->3,1->3,0->2,0->1",0.8380981938590817,3,8,2,11,7
selective,"2->4,1->4,0->4,2->3,0->3,1->2,0->2",0.8159180899801061,3,7,1,14,7
selective,"2->4,1->4,0->4,2->3,0->3,1->2,0->1",0.8598651971002667,3,7,1,9,7
selective,"2->4,1->4,0->4,2->3,0->3,0->2,0->1",0.823798089071925,3,7,1,13,7
selective,"2->4,1->4,0->4,2->3,1->2,0->2,0->1",0.8825328890178785,3,8,2,16,7
selective,"2->4,1->4,0->4,1->3,0->3,1->2,0->2",0.7317231415258192,3,6,0,9,7
selective,"2->4,1->4,0->4,1->3,0->3,1->2,0->1",0.8098208839196153,3,7,1,14,7
selective,"2->4,1->4,0->4,1->3,0->3,0->2,0->1",0.7326042634334209,3,6,0,13,7
selective,"2->4,1->4,0->4,1->3,1->2,0->2,0->1",0.8337260174148355,3,8,2,14,7
selective,"2->4,1->4,0->4,0->3,1->2,0->2,0->1",0.8143180299325535,3,7,1,14,7
selective,"2->4,1->4,2->3,1->3,0->3,1->2,0->2",0.8498131719690941,3,9,3,15,7
selective,"2->4,1->4,2->3,1->3,0->3,1->2,0->1",0.8870291043836097,3,9,3,14,7
selective,"2->4,1->4,2->3,1->3,0->3,0->2,0->1",0.8497753530512685,3,9,3,12,7
selective,"2->4,1->4,2->3,1->3,1->2,0->2,0->1",0.9020856856952282,3,10,4,15,7
selective,"2->4,1->4,2->3,0->3,1->2,0->2,0->1",0.8900173363213314,3,10,4,17,7
selective,"2->4,1->4,1->3,0->3,1->2,0->2,0->1",0.8420420052762178,3,9,3,15,7
selective,"2->4,0->4,2->3,1->3,0->3,1->2,0->2",0.839368436263612,3,9,3,14,7
selective,"2->4,0->4,2->3,1->3,0->3,1->2,0->1",0.8796211409252667,3,8,2,11,7
selective,"2->4,0->4,2->3,1->3,0->3,0->2,0->1",0.8516280180578631,3,8,2,14,7
selective,"2->4,0->4,2->3,1->3,1->2,0->2,0->1",0.8982040525460415,3,9,3,11,7
selective,"2->4,0->4,2->3,0->3,1->2,0->2,0->1",0.8862627556714845,3,8,2,15,7
selective,"2->4,0->4,1->3,0->3,1->2,0->2,0->1",0.8317519896392667,3,8,2,15,7
selective,"2->4,2->3,1->3,0->3,1->2,0->2,0->1",0.9037365406405844,3,10,4,15,7
selective,"1->4,0->4,2->3,1->3,0->3,1->2,0->2",0.8212012970473213,3,7,1,10,7
selective,"1->4,0->4,2->3,1->3,0->3,1->2,0->1",0.8704254093302559,3,8,2,14,7
selective,"1->4,0->4,2->3,1->3,0->3,0->2,0->1",0.8287913209908038,3,7,1,14,7
selective,"1->4,0->4,2->3,1->3,1->2,0->2,0->1",0.8849519122460272,3,8,2,11,7
selective,"1->4,0->4,2->3,0->3,1->2,0->2,0->1",0.8671340039089919,3,7,1,11,7
selective,"1->4,0->4,1->3,0->3,1->2,0->2,0->1",0.8299875588220733,3,7,1,15,7
selective,"1->4,2->3,1->3,0->3,1->2,0->2,0->1",0.8935217652794023,3,9,3,16,7
selective,"0->4,2->3,1->3,0->3,1->2,0->2,0->1",0.8894310207015992,3,8,2,16,7
selective,"3->4,2->4,1->4,0->4,2->3,1->3,0->3,1->2",0.8996648911114158,2,5,1,11,8
selective,"3->4,2->4,1->4,0->4,2->3,1->3,0->3,0->2",0.8528071177612123,2,4,0,9,8
selective,"3->4,2->4,1->4,0->4,2->3,1->3,0->3,0->1",0.8971696995541761,2,5,1,10,8
selective,"3->4,2->4,1->4,0->4,2->3,1->3,1->2,0->2",0.9093986093296549,2,6,2,11,8
selective,"3->4,2->4,1->4,0->4,2->3,1->3,1->2,0->1",0.9314488836300252,2,6,2,12,8
selective,"3->4,2->4,1->4,0->4,2->3,1->3,0->2,0->1",0.9094946649308863,2,6,2,11,8
selective,"3->4,2->4,1->4,0->4,2->3,0->3,1->2,0->2",0.8964125076308445,2,5,1,10,8
selective,"3->4,2->4,1->4,0->4,2->3,0->3,1->2,0->1",0.9207945969443073,2,5,1,7,8
selective,"3->4,2->4,1->4,0->4,2->3,0->3,0->2,0->1",0.9037059389601046,2,5,1,11,8
selective,"3->4,2->4,1->4,0->4,2->3,1->2,0->2,0->1",0.9333175618843179,2,6,2,12,8
selective,"3->4,2->4,1->4,0->4,1->3,0->3,1->2,0->2",0.8603120130387649,2,4,0,5,8
selective,"3->4,2->4,1->4,0->4,1->3,0->3,1->2,0->1",0.8996800612436271,2,5,1,10,8
selective,"3->4,2->4,1->4,0->4,1->3,0->3,0->2,0->1",0.864423218288547,2,4,0,9,8
selective,"3->4,2->4,1->4,0->4,1->3,1->2,0->2,0->1",0.9123500723165907,2,6,2,10,8
selective,"3->4,2->4,1->4,0->4,0->3,1->2,0->2,0->1",0.9037059389601046,2,5,1,10,8
selective,"3->4,2->4,1->4,2->3,1->3,0->3,1->2,0->2",0.9126600741216196,2,7,3,11,8
selective,"3->4,2->4,1->4,2->3,1->3,0->3,1->2,0->1",0.9349041644913886,2,7,3,12,8
selective,"3->4,2->4,1->4,2->3,1->3,0->3,0->2,0->1",0.9161174512016281,2,7,3,12,8
selective,"3->4,2->4,1->4,2->3,1->3,1->2,0->2,0->1",0.9434049737974972,2,8,4,13,8
selective,"3->4,2->4,1->4,2->3,0->3,1->2,0->2,0->1",0.9373972033209396,2,8,4,13,8
selective,"3->4,2->4,1->4,1->3,0->3,1->2,0->2,0->1",0.9161174512016281,2,7,3,11,8
selective,"3->4,2->4,0->4,2->3,1->3,0->3,1->2,0->2",0.9076523251336878,2,7,3,11,8
selective,"3->4,2->4,0->4,2->3,1->3,0->3,1->2,0->1",0.9304119355728402,2,6,2,8,8
selective,"3->4,2->4,0->4,2->3,1->3,0->3,0->2,0->1",0.9123500723165907,2,6,2,11,8
selective,"3->4,2->4,0->4,2->3,1->3,1->2,0->2,0->1",0.9405154736666482,2,7,3,8,8
selective,"3->4,2->4,0->4,2->3,0->3,1->2,0->2,0->1",0.9333175618843179,2,6,2,12,8
selective,"3->4,2->4,0->4,1->3,0->3,1->2,0->2,0->1",0.9094946649308862,2,6,2,11,8
selective,"3->4,2->4,2->3,1->3,0->3,1->2,0->2,0->1",0.9434049737974972,2,8,4,12,8
selective,"3->4,1->4,0->4,2->3,1->3,0->3,1->2,0->2",0.89297787523258,2,5,1,6,8
selective,"3->4,1->4,0->4,2->3,1->3,0->3,1->2,0->1",0.9217746694404326,2,6,2,10,8
selective,"3->4,1->4,0->4,2->3,1->3,0->3,0->2,0->1",0.8996800612436271,2,5,1,10,8
selective,"3->4,1->4,0->4,2->3,1->3,1->2,0->2,0->1",0.9304119355728402,2,6,2,7,8
selective,"3->4,1->4,0->4,2->3,0->3,1->2,0->2,0->1",0.9207945969443072,2,5,1,7,8
selective,"3->4,1->4,0->4,1->3,0->3,1->2,0->2,0->1",0.8971696995541761,2,5,1,11,8
selective,"3->4,1->4,2->3,1->3,0->3,1->2,0->2,0->1",0.9349041644913886,2,7,3,12,8
selective,"3->4,0->4,2->3,1->3,0->3,1->2,0->2,0->1",0.9314488836300252,2,6,2,12,8
selective,"2->4,1->4,0->4,2->3,1->3,0->3,1->2,0->2",0.8546592237099477,2,4,0,5,8
selective,"2->4,1->4,0->4,2->3,1->3,0->3,1->2,0->1",0.89297787523258,2,5,1,6,8
selective,"2->4,1->4,0->4,2->3,1->3,0->3,0->2,0->1",0.8603120130387649,2,4,0,5,8
selective,"2->4,1->4,0->4,2->3,1->3,1->2,0->2,0->1",0.9076523251336878,2,6,2,10,8
selective,"2->4,1->4,0->4,2->3,0->3,1->2,0->2,0->1",0.8964125076308445,2,5,1,10,8
selective,"2->4,1->4,0->4,1->3,0->3,1->2,0->2,0->1",0.8528071177612124,2,4,0,9,8
selective,"2->4,1->4,2->3,1->3,0->3,1->2,0->2,0->1",0.9126600741216196,2,7,3,10,8
selective,"2->4,0->4,2->3,1->3,0->3,1->2,0->2,0->1",0.909398609329655,2,6,2,10,8
selective,"1->4,0->4,2->3,1->3,0->3,1->2,0->2,0->1",0.8996648911114158,2,5,1,10,8
selective,"3->4,2->4,1->4,0->4,2->3,1->3,0->3,1->2,0->2",0.9177247551282657,1,2,0,5,9
selective,"3->4,2->4,1->4,0->4,2->3,1->3,0->3,1->2,0->1",0.9392006654213354,1,3,1,6,9
selective,"3->4,2->4,1->4,0->4,2->3,1->3,0->3,0->2,0->1",0.922254654994787,1,2,0,5,9
selective,"3->4,2->4,1->4,0->4,2->3,1->3,1->2,0->2,0->1",0.9470500326189719,1,4,2,7,9
selective,"3->4,2->4,1->4,0->4,2->3,0->3,1->2,0->2,0->1",0.9412087958805622,1,3,1,6,9
selective,"3->4,2->4,1->4,0->4,1->3,0->3,1->2,0->2,0->1",0.922254654994787,1,2,0,5,9
selective,"3->4,2->4,1->4,2->3,1->3,0->3,1->2,0->2,0->1",0.9497959225456055,1,5,3,8,9
selective,"3->4,2->4,0->4,2->3,1->3,0->3,1->2,0->2,0->1",0.9470500326189719,1,4,2,7,9
selective,"3->4,1->4,0->4,2->3,1->3,0->3,1->2,0->2,0->1",0.9392006654213354,1,3,1,6,9
selective,"2->4,1->4,0->4,2->3,1->3,0->3,1->2,0->2,0->1",0.9177247551282657,1,2,0,5,9
selective,"3->4,2->4,1->4,0->4,2->3,1->3,0->3,1->2,0->2,0->1",0.952971130236295,0,0,0,1,10
