qubits,threshold,error,logical_gates,logical_depth,logical_two_qubit,transpiled_gates,transpiled_depth,transpiled_two_qubit,swaps
3,0.0,8.881784197001252e-16,6,5,3,7,7,4,1
3,0.7853981633974483,0.10983495705504576,5,5,2,5,5,2,0
3,1.5707963267948966,0.7160691738241596,3,1,0,3,1,0,0
4,0.0,8.881784197001252e-16,10,7,6,14,12,10,4
4,0.39269908169872414,0.028545175308268278,9,7,5,11,10,7,2
4,0.7853981633974483,0.28495596905216836,7,7,3,7,7,3,0
4,1.5707963267948966,0.8824376205092562,4,1,0,4,1,0,0
5,0.0,4.440892098500626e-16,15,9,10,23,18,18,8
5,0.19634954084936207,0.007205519848789144,14,9,9,22,18,17,8
5,0.39269908169872414,0.08080914320417898,12,9,7,16,15,11,4
5,0.7853981633974483,0.45764604939572984,9,9,4,9,9,4,0
5,1.5707963267948966,0.952971130236295,5,1,0,5,1,0,0
6,0.0,2.220446049250313e-15,21,11,15,35,25,29,14
6,0.09817477042468103,0.0018057274979277338,20,11,14,34,25,28,14
6,0.19634954084936207,0.02085921101638788,18,11,12,30,23,24,12
6,0.39269908169872414,0.1439517584601756,15,11,9,21,19,15,6
6,0.7853981633974483,0.6001282584870995,11,11,5,11,11,5,0
6,1.5707963267948966,0.9814075293700172,6,1,0,6,1,0,0
8,0.0,3.552713678800501e-15,36,15,28,64,40,56,28
8,0.02454369260617026,0.00011294298892683408,35,15,27,63,36,55,28
8,0.04908738521234052,0.001316852075424646,33,15,25,60,36,52,27
8,0.09817477042468103,0.009701758821987205,30,15,22,58,39,50,28
8,0.19634954084936207,0.057349805205511584,26,15,18,52,35,44,26
8,0.39269908169872414,0.2732146008482559,21,15,13,32,28,24,11
8,0.7853981633974483,0.7897338101511069,15,15,7,15,15,7,0
8,1.5707963267948966,0.9971200502457942,8,1,0,8,1,0,0
