error_budget,qubits,threshold_parameter,threshold_error,threshold_physical_2q,threshold_swaps,threshold_depth,degree,degree_error,degree_physical_2q,degree_swaps,degree_depth,selected_method,selected_parameter,selected_error,selected_physical_2q,selected_swaps,selected_depth,two_qubit_savings,two_qubit_savings_percent,swap_savings,depth_savings
0.01,3,0.0,8.881784197001252e-16,7,1,15,0.0,8.881784197001252e-16,7,1,15,degree,0.0,8.881784197001252e-16,7,1,15,0,0.0,0,0
0.01,4,0.0,8.881784197001252e-16,16,4,26,0.0,8.881784197001252e-16,16,4,26,degree,0.0,8.881784197001252e-16,16,4,26,0,0.0,0,0
0.01,5,0.19634954084936207,0.007205519848789144,26,8,42,1.0,0.007205519848789144,26,8,42,degree,1.0,0.007205519848789144,26,8,42,0,0.0,0,0
0.01,6,0.0,2.220446049250313e-15,44,14,54,1.0,0.0018057274979277338,42,14,54,degree,1.0,0.0018057274979277338,42,14,54,2,4.545454545454546,0,0
0.01,8,0.0,3.552713678800501e-15,84,28,95,6.0,0.009701758821987205,72,28,88,degree,6.0,0.009701758821987205,72,28,88,12,14.285714285714285,0,7
0.05,3,0.0,8.881784197001252e-16,7,1,15,0.0,8.881784197001252e-16,7,1,15,degree,0.0,8.881784197001252e-16,7,1,15,0,0.0,0,0
0.05,4,0.39269908169872414,0.028545175308268278,12,2,25,1.0,0.028545175308268278,12,2,25,degree,1.0,0.028545175308268278,12,2,25,0,0.0,0,0
0.05,5,0.19634954084936207,0.007205519848789144,26,8,42,2.0,0.04480868064365495,21,5,36,degree,2.0,0.04480868064365495,21,5,36,5,19.230769230769234,3,6
0.05,6,0.19634954084936207,0.02085921101638788,36,12,54,3.0,0.02085921101638788,36,12,54,degree,3.0,0.02085921101638788,36,12,54,0,0.0,0,0
0.05,8,0.0,3.552713678800501e-15,84,28,95,8.0,0.03383866170796401,65,25,72,degree,8.0,0.03383866170796401,65,25,72,19,22.61904761904762,3,23
0.1,3,0.0,8.881784197001252e-16,7,1,15,0.0,8.881784197001252e-16,7,1,15,degree,0.0,8.881784197001252e-16,7,1,15,0,0.0,0,0
0.1,4,0.39269908169872414,0.028545175308268278,12,2,25,1.0,0.028545175308268278,12,2,25,degree,1.0,0.028545175308268278,12,2,25,0,0.0,0,0
0.1,5,0.39269908169872414,0.08080914320417898,18,4,35,3.0,0.08080914320417898,18,4,35,degree,3.0,0.08080914320417898,18,4,35,0,0.0,0,0
0.1,6,0.19634954084936207,0.02085921101638788,36,12,54,4.0,0.062487373627220566,32,10,47,degree,4.0,0.062487373627220566,32,10,47,4,11.11111111111111,2,7
0.1,8,0.19634954084936207,0.057349805205511584,62,26,79,10.0,0.057349805205511584,62,26,79,degree,10.0,0.057349805205511584,62,26,79,0,0.0,0,0
0.2,3,0.7853981633974483,0.10983495705504576,4,0,9,1.0,0.10983495705504576,4,0,9,degree,1.0,0.10983495705504576,4,0,9,0,0.0,0,0
0.2,4,0.39269908169872414,0.028545175308268278,12,2,25,2.0,0.1680245444836337,9,1,19,degree,2.0,0.1680245444836337,9,1,19,3,25.0,1,6
0.2,5,0.39269908169872414,0.08080914320417898,18,4,35,3.0,0.08080914320417898,18,4,35,degree,3.0,0.08080914320417898,18,4,35,0,0.0,0,0
0.2,6,0.39269908169872414,0.1439517584601756,24,6,45,6.0,0.1439517584601756,24,6,45,degree,6.0,0.1439517584601756,24,6,45,0,0.0,0,0
0.2,8,0.19634954084936207,0.057349805205511584,62,26,79,13.0,0.19589599102830368,47,17,70,degree,13.0,0.19589599102830368,47,17,70,15,24.193548387096776,9,9
