error_budget,qubits,method,parameter,error,logical_two_qubit,transpiled_two_qubit,swaps,transpiled_depth,is_overall_best
0.01,3,degree,0.0,8.881784197001252e-16,3,7,1,15,True
0.01,3,threshold,0.0,8.881784197001252e-16,3,7,1,15,False
0.01,3,threshold,0.19634954084936207,8.881784197001252e-16,3,7,1,15,False
0.01,3,threshold,0.39269908169872414,8.881784197001252e-16,3,7,1,15,False
0.01,4,degree,0.0,8.881784197001252e-16,6,16,4,26,True
0.01,4,threshold,0.0,8.881784197001252e-16,6,16,4,26,False
0.01,4,threshold,0.19634954084936207,8.881784197001252e-16,6,16,4,26,False
0.01,5,degree,0.0,4.440892098500626e-16,10,28,8,42,False
0.01,5,degree,1.0,0.007205519848789144,9,26,8,42,True
0.01,5,threshold,0.0,4.440892098500626e-16,10,28,8,42,False
0.01,5,threshold,0.19634954084936207,0.007205519848789144,9,26,8,42,False
0.01,6,degree,0.0,2.220446049250313e-15,15,44,14,54,False
0.01,6,degree,1.0,0.0018057274979277338,14,42,14,54,True
0.01,6,threshold,0.0,2.220446049250313e-15,15,44,14,54,False
0.01,8,degree,0.0,3.552713678800501e-15,28,84,28,95,False
0.01,8,degree,1.0,0.00011294298892683408,27,82,28,83,False
0.01,8,degree,2.0,0.0007151015156936502,26,82,30,79,False
0.01,8,degree,3.0,0.001316852075424646,25,77,27,93,False
0.01,8,degree,4.0,0.004020687884109253,24,75,27,99,False
0.01,8,degree,5.0,0.007014701504376775,23,73,27,85,False
0.01,8,degree,6.0,0.009701758821987205,22,72,28,88,True
0.01,8,threshold,0.0,3.552713678800501e-15,28,84,28,95,False
0.05,3,degree,0.0,8.881784197001252e-16,3,7,1,15,True
0.05,3,threshold,0.0,8.881784197001252e-16,3,7,1,15,False
0.05,3,threshold,0.19634954084936207,8.881784197001252e-16,3,7,1,15,False
0.05,3,threshold,0.39269908169872414,8.881784197001252e-16,3,7,1,15,False
0.05,4,degree,0.0,8.881784197001252e-16,6,16,4,26,False
0.05,4,degree,1.0,0.028545175308268278,5,12,2,25,True
0.05,4,threshold,0.0,8.881784197001252e-16,6,16,4,26,False
0.05,4,threshold,0.19634954084936207,8.881784197001252e-16,6,16,4,26,False
0.05,4,threshold,0.39269908169872414,0.028545175308268278,5,12,2,25,False
0.05,5,degree,0.0,4.440892098500626e-16,10,28,8,42,False
0.05,5,degree,1.0,0.007205519848789144,9,26,8,42,False
0.05,5,degree,2.0,0.04480868064365495,8,21,5,36,True
0.05,5,threshold,0.0,4.440892098500626e-16,10,28,8,42,False
0.05,5,threshold,0.19634954084936207,0.007205519848789144,9,26,8,42,False
0.05,6,degree,0.0,2.220446049250313e-15,15,44,14,54,False
0.05,6,degree,1.0,0.0018057274979277338,14,42,14,54,False
0.05,6,degree,2.0,0.01138417350669485,13,40,14,54,False
0.05,6,degree,3.0,0.02085921101638788,12,36,12,54,True
0.05,6,threshold,0.0,2.220446049250313e-15,15,44,14,54,False
0.05,6,threshold,0.19634954084936207,0.02085921101638788,12,36,12,54,False
0.05,8,degree,0.0,3.552713678800501e-15,28,84,28,95,False
0.05,8,degree,1.0,0.00011294298892683408,27,82,28,83,False
0.05,8,degree,2.0,0.0007151015156936502,26,82,30,79,False
0.05,8,degree,3.0,0.001316852075424646,25,77,27,93,False
0.05,8,degree,4.0,0.004020687884109253,24,75,27,99,False
0.05,8,degree,5.0,0.007014701504376775,23,73,27,85,False
0.05,8,degree,6.0,0.009701758821987205,22,72,28,88,False
0.05,8,degree,7.0,0.02097659974849142,21,70,28,85,False
0.05,8,degree,8.0,0.03383866170796401,20,65,25,72,True
0.05,8,degree,9.0,0.04652158641691928,19,65,27,79,False
0.05,8,threshold,0.0,3.552713678800501e-15,28,84,28,95,False
0.1,3,degree,0.0,8.881784197001252e-16,3,7,1,15,True
0.1,3,threshold,0.0,8.881784197001252e-16,3,7,1,15,False
0.1,3,threshold,0.19634954084936207,8.881784197001252e-16,3,7,1,15,False
0.1,3,threshold,0.39269908169872414,8.881784197001252e-16,3,7,1,15,False
0.1,4,degree,0.0,8.881784197001252e-16,6,16,4,26,False
0.1,4,degree,1.0,0.028545175308268278,5,12,2,25,True
0.1,4,threshold,0.0,8.881784197001252e-16,6,16,4,26,False
0.1,4,threshold,0.19634954084936207,8.881784197001252e-16,6,16,4,26,False
0.1,4,threshold,0.39269908169872414,0.028545175308268278,5,12,2,25,False
0.1,5,degree,0.0,4.440892098500626e-16,10,28,8,42,False
0.1,5,degree,1.0,0.007205519848789144,9,26,8,42,False
0.1,5,degree,2.0,0.04480868064365495,8,21,5,36,False
0.1,5,degree,3.0,0.08080914320417898,7,18,4,35,True
0.1,5,threshold,0.0,4.440892098500626e-16,10,28,8,42,False
0.1,5,threshold,0.19634954084936207,0.007205519848789144,9,26,8,42,False
0.1,5,threshold,0.39269908169872414,0.08080914320417898,7,18,4,35,False
0.1,6,degree,0.0,2.220446049250313e-15,15,44,14,54,False
0.1,6,degree,1.0,0.0018057274979277338,14,42,14,54,False
0.1,6,degree,2.0,0.01138417350669485,13,40,14,54,False
0.1,6,degree,3.0,0.02085921101638788,12,36,12,54,False
0.1,6,degree,4.0,0.062487373627220566,11,32,10,47,True
0.1,6,threshold,0.0,2.220446049250313e-15,15,44,14,54,False
0.1,6,threshold,0.19634954084936207,0.02085921101638788,12,36,12,54,False
0.1,8,degree,0.0,3.552713678800501e-15,28,84,28,95,False
0.1,8,degree,1.0,0.00011294298892683408,27,82,28,83,False
0.1,8,degree,2.0,0.0007151015156936502,26,82,30,79,False
0.1,8,degree,3.0,0.001316852075424646,25,77,27,93,False
0.1,8,degree,4.0,0.004020687884109253,24,75,27,99,False
0.1,8,degree,5.0,0.007014701504376775,23,73,27,85,False
0.1,8,degree,6.0,0.009701758821987205,22,72,28,88,False
0.1,8,degree,7.0,0.02097659974849142,21,70,28,85,False
0.1,8,degree,8.0,0.03383866170796401,20,65,25,72,False
0.1,8,degree,9.0,0.04652158641691928,19,65,27,79,False
0.1,8,degree,10.0,0.057349805205511584,18,62,26,79,True
0.1,8,threshold,0.0,3.552713678800501e-15,28,84,28,95,False
0.1,8,threshold,0.19634954084936207,0.057349805205511584,18,62,26,79,False
0.2,3,degree,0.0,8.881784197001252e-16,3,7,1,15,False
0.2,3,degree,1.0,0.10983495705504576,2,4,0,9,True
0.2,3,threshold,0.0,8.881784197001252e-16,3,7,1,15,False
0.2,3,threshold,0.19634954084936207,8.881784197001252e-16,3,7,1,15,False
0.2,3,threshold,0.39269908169872414,8.881784197001252e-16,3,7,1,15,False
0.2,3,threshold,0.7853981633974483,0.10983495705504576,2,4,0,9,False
0.2,4,degree,0.0,8.881784197001252e-16,6,16,4,26,False
0.2,4,degree,1.0,0.028545175308268278,5,12,2,25,False
0.2,4,degree,2.0,0.1680245444836337,4,9,1,19,True
0.2,4,threshold,0.0,8.881784197001252e-16,6,16,4,26,False
0.2,4,threshold,0.19634954084936207,8.881784197001252e-16,6,16,4,26,False
0.2,4,threshold,0.39269908169872414,0.028545175308268278,5,12,2,25,False
0.2,5,degree,0.0,4.440892098500626e-16,10,28,8,42,False
0.2,5,degree,1.0,0.007205519848789144,9,26,8,42,False
0.2,5,degree,2.0,0.04480868064365495,8,21,5,36,False
0.2,5,degree,3.0,0.08080914320417898,7,18,4,35,True
0.2,5,threshold,0.0,4.440892098500626e-16,10,28,8,42,False
0.2,5,threshold,0.19634954084936207,0.007205519848789144,9,26,8,42,False
0.2,5,threshold,0.39269908169872414,0.08080914320417898,7,18,4,35,False
0.2,6,degree,0.0,2.220446049250313e-15,15,44,14,54,False
0.2,6,degree,1.0,0.0018057274979277338,14,42,14,54,False
0.2,6,degree,2.0,0.01138417350669485,13,40,14,54,False
0.2,6,degree,3.0,0.02085921101638788,12,36,12,54,False
0.2,6,degree,4.0,0.062487373627220566,11,32,10,47,False
0.2,6,degree,5.0,0.10626911731522892,10,26,6,45,False
0.2,6,degree,6.0,0.1439517584601756,9,24,6,45,True
0.2,6,threshold,0.0,2.220446049250313e-15,15,44,14,54,False
0.2,6,threshold,0.19634954084936207,0.02085921101638788,12,36,12,54,False
0.2,6,threshold,0.39269908169872414,0.1439517584601756,9,24,6,45,False
0.2,8,degree,0.0,3.552713678800501e-15,28,84,28,95,False
0.2,8,degree,1.0,0.00011294298892683408,27,82,28,83,False
0.2,8,degree,2.0,0.0007151015156936502,26,82,30,79,False
0.2,8,degree,3.0,0.001316852075424646,25,77,27,93,False
0.2,8,degree,4.0,0.004020687884109253,24,75,27,99,False
0.2,8,degree,5.0,0.007014701504376775,23,73,27,85,False
0.2,8,degree,6.0,0.009701758821987205,22,72,28,88,False
0.2,8,degree,7.0,0.02097659974849142,21,70,28,85,False
0.2,8,degree,8.0,0.03383866170796401,20,65,25,72,False
0.2,8,degree,9.0,0.04652158641691928,19,65,27,79,False
0.2,8,degree,10.0,0.057349805205511584,18,62,26,79,False
0.2,8,degree,11.0,0.10068547109063486,17,60,26,79,False
0.2,8,degree,12.0,0.14871825893469937,16,53,21,77,False
0.2,8,degree,13.0,0.19589599102830368,15,47,17,70,True
0.2,8,threshold,0.0,3.552713678800501e-15,28,84,28,95,False
0.2,8,threshold,0.19634954084936207,0.057349805205511584,18,62,26,79,False
