qubits,method,parameter,error,logical_gates,logical_depth,logical_two_qubit,transpiled_gates,transpiled_depth,transpiled_two_qubit,swaps
3,degree,0,8.881784197001252e-16,6,5,3,19,15,7,1
3,degree,1,0.10983495705504576,5,5,2,13,9,4,0
3,degree,2,0.5183058261758413,4,3,1,8,5,2,0
3,degree,3,0.7160691738241596,3,1,0,3,1,0,0
3,threshold,0,8.881784197001252e-16,6,5,3,19,15,7,1
3,threshold,0.19634954084936207,8.881784197001252e-16,6,5,3,19,15,7,1
3,threshold,0.39269908169872414,8.881784197001252e-16,6,5,3,19,15,7,1
3,threshold,0.7853981633974483,0.10983495705504576,5,5,2,13,9,4,0
3,threshold,1.5707963267948966,0.7160691738241596,3,1,0,3,1,0,0
4,degree,0,8.881784197001252e-16,10,7,6,38,26,16,4
4,degree,1,0.028545175308268278,9,7,5,31,25,12,2
4,degree,2,0.1680245444836337,8,7,4,25,19,9,1
4,degree,3,0.28495596905216836,7,7,3,19,13,6,0
4,degree,4,0.6374413868088977,6,5,2,14,9,4,0
4,degree,5,0.7967166300095743,5,3,1,9,5,2,0
4,degree,6,0.8824376205092562,4,1,0,4,1,0,0
4,threshold,0,8.881784197001252e-16,10,7,6,38,26,16,4
4,threshold,0.19634954084936207,8.881784197001252e-16,10,7,6,38,26,16,4
4,threshold,0.39269908169872414,0.028545175308268278,9,7,5,31,25,12,2
4,threshold,0.7853981633974483,0.28495596905216836,7,7,3,19,13,6,0
4,threshold,1.5707963267948966,0.8824376205092562,4,1,0,4,1,0,0
5,degree,0,4.440892098500626e-16,15,9,10,63,42,28,8
5,degree,1,0.007205519848789144,14,9,9,58,42,26,8
5,degree,2,0.04480868064365495,13,9,8,50,36,21,5
5,degree,3,0.08080914320417898,12,9,7,44,35,18,4
5,degree,4,0.22788571686294268,11,9,6,37,29,14,2
5,degree,5,0.3586956066251591,10,9,5,31,23,11,1
5,degree,6,0.45764604939572984,9,9,4,25,17,8,0
5,degree,7,0.7326042634334208,8,7,3,20,13,6,0
5,degree,8,0.8528071177612123,7,5,2,15,9,4,0
5,degree,9,0.9177247551282657,6,3,1,10,5,2,0
5,degree,10,0.952971130236295,5,1,0,5,1,0,0
5,threshold,0,4.440892098500626e-16,15,9,10,63,42,28,8
5,threshold,0.19634954084936207,0.007205519848789144,14,9,9,58,42,26,8
5,threshold,0.39269908169872414,0.08080914320417898,12,9,7,44,35,18,4
5,threshold,0.7853981633974483,0.45764604939572984,9,9,4,25,17,8,0
5,threshold,1.5707963267948966,0.952971130236295,5,1,0,5,1,0,0
6,degree,0,2.220446049250313e-15,21,11,15,95,54,44,14
6,degree,1,0.0018057274979277338,20,11,14,90,54,42,14
6,degree,2,0.01138417350669485,19,11,13,85,54,40,14
6,degree,3,0.02085921101638788,18,11,12,78,54,36,12
6,degree,4,0.062487373627220566,17,11,11,71,47,32,10
6,degree,5,0.10626911731522892,16,11,10,62,45,26,6
6,degree,6,0.1439517584601756,15,11,9,57,45,24,6
6,degree,7,0.28779455317894465,14,11,8,50,39,20,4
6,degree,8,0.4184347674414287,13,11,7,43,33,16,2
6,degree,9,0.5236430541181241,12,11,6,37,27,13,1
6,degree,10,0.6001282584870995,11,11,5,31,21,10,0
6,degree,11,0.8052826738121472,10,9,4,26,17,8,0
6,degree,12,0.8935870450207768,9,7,3,21,13,6,0
6,degree,13,0.9411453037752623,8,5,2,16,9,4,0
6,degree,14,0.9672754498608339,7,3,1,11,5,2,0
6,degree,15,0.9814075293700172,6,1,0,6,1,0,0
6,threshold,0,2.220446049250313e-15,21,11,15,95,54,44,14
6,threshold,0.19634954084936207,0.02085921101638788,18,11,12,78,54,36,12
6,threshold,0.39269908169872414,0.1439517584601756,15,11,9,57,45,24,6
6,threshold,0.7853981633974483,0.6001282584870995,11,11,5,31,21,10,0
6,threshold,1.5707963267948966,0.9814075293700172,6,1,0,6,1,0,0
8,degree,0,3.552713678800501e-15,36,15,28,176,95,84,28
8,degree,1,0.00011294298892683408,35,15,27,171,83,82,28
8,degree,2,0.0007151015156936502,34,15,26,168,79,82,30
8,degree,3,0.001316852075424646,33,15,25,160,93,77,27
8,degree,4,0.004020687884109253,32,15,24,155,99,75,27
8,degree,5,0.007014701504376775,31,15,23,150,85,73,27
8,degree,6,0.009701758821987205,30,15,22,146,88,72,28
8,degree,7,0.02097659974849142,29,15,21,141,85,70,28
8,degree,8,0.03383866170796401,28,15,20,133,72,65,25
8,degree,9,0.04652158641691928,27,15,19,130,79,65,27
8,degree,10,0.057349805205511584,26,15,18,124,79,62,26
8,degree,11,0.10068547109063486,25,15,17,119,79,60,26
8,degree,12,0.14871825893469937,24,15,16,109,77,53,21
8,degree,13,0.19589599102830368,23,15,15,100,70,47,17
8,degree,14,0.23861770095027202,22,15,14,90,66,40,12
8,degree,15,0.2732146008482559,21,15,13,84,66,37,11
8,degree,16,0.399602571747641,20,15,12,77,59,33,9
8,degree,17,0.5158566224554735,19,15,11,69,53,28,6
8,degree,18,0.6127986875017304,18,15,10,62,47,24,4
8,degree,19,0.6897238839312775,17,15,9,55,41,20,2
8,degree,20,0.7482371772733641,16,15,8,49,35,17,1
8,degree,21,0.7897338101511069,15,15,7,43,29,14,0
8,degree,22,0.8984616639723343,14,13,6,38,25,12,0
8,degree,23,0.9447609894010675,13,11,5,33,21,10,0
8,degree,24,0.9695906369702548,12,9,4,28,17,8,0
8,degree,25,0.9832577058852194,11,7,3,23,13,6,0
8,degree,26,0.9907895756073793,10,5,2,18,9,4,0
8,degree,27,0.9949099008121441,9,3,1,13,5,2,0
8,degree,28,0.9971200502457942,8,1,0,8,1,0,0
8,threshold,0,3.552713678800501e-15,36,15,28,176,95,84,28
8,threshold,0.19634954084936207,0.057349805205511584,26,15,18,124,79,62,26
8,threshold,0.39269908169872414,0.2732146008482559,21,15,13,84,66,37,11
8,threshold,0.7853981633974483,0.7897338101511069,15,15,7,43,29,14,0
8,threshold,1.5707963267948966,0.9971200502457942,8,1,0,8,1,0,0
