qubits,degree,threshold,degree_error,threshold_error,error_difference,degree_physical_2q,threshold_physical_2q,degree_swaps,threshold_swaps,degree_depth,threshold_depth,same_metrics
3,0,0.0,8.881784197001252e-16,8.881784197001252e-16,0.0,7,4,1,1,15,7,False
3,1,0.7853981633974483,0.10983495705504576,0.10983495705504576,0.0,4,2,0,0,9,5,False
3,3,1.5707963267948966,0.7160691738241596,0.7160691738241596,0.0,0,0,0,0,1,1,True
4,0,0.0,8.881784197001252e-16,8.881784197001252e-16,0.0,16,10,4,4,26,12,False
4,1,0.39269908169872414,0.028545175308268278,0.028545175308268278,0.0,12,7,2,2,25,10,False
4,3,0.7853981633974483,0.28495596905216836,0.28495596905216836,0.0,6,3,0,0,13,7,False
4,6,1.5707963267948966,0.8824376205092562,0.8824376205092562,0.0,0,0,0,0,1,1,True
5,0,0.0,4.440892098500626e-16,4.440892098500626e-16,0.0,28,18,8,8,42,18,False
5,1,0.19634954084936207,0.007205519848789144,0.007205519848789144,0.0,26,17,8,8,42,18,False
5,3,0.39269908169872414,0.08080914320417898,0.08080914320417898,0.0,18,11,4,4,35,15,False
5,6,0.7853981633974483,0.45764604939572984,0.45764604939572984,0.0,8,4,0,0,17,9,False
5,10,1.5707963267948966,0.952971130236295,0.952971130236295,0.0,0,0,0,0,1,1,True
6,0,0.0,2.220446049250313e-15,2.220446049250313e-15,0.0,44,29,14,14,54,25,False
6,1,0.09817477042468103,0.0018057274979277338,0.0018057274979277338,0.0,42,28,14,14,54,25,False
6,3,0.19634954084936207,0.02085921101638788,0.02085921101638788,0.0,36,24,12,12,54,23,False
6,6,0.39269908169872414,0.1439517584601756,0.1439517584601756,0.0,24,15,6,6,45,19,False
6,10,0.7853981633974483,0.6001282584870995,0.6001282584870995,0.0,10,5,0,0,21,11,False
6,15,1.5707963267948966,0.9814075293700172,0.9814075293700172,0.0,0,0,0,0,1,1,True
8,0,0.0,3.552713678800501e-15,3.552713678800501e-15,0.0,84,56,28,28,95,40,False
8,1,0.02454369260617026,0.00011294298892683408,0.00011294298892683408,0.0,82,55,28,28,83,36,False
8,3,0.04908738521234052,0.001316852075424646,0.001316852075424646,0.0,77,52,27,27,93,36,False
8,6,0.09817477042468103,0.009701758821987205,0.009701758821987205,0.0,72,50,28,28,88,39,False
8,10,0.19634954084936207,0.057349805205511584,0.057349805205511584,0.0,62,44,26,26,79,35,False
8,15,0.39269908169872414,0.2732146008482559,0.2732146008482559,0.0,37,24,11,11,66,28,False
8,21,0.7853981633974483,0.7897338101511069,0.7897338101511069,0.0,14,7,0,0,29,15,False
8,28,1.5707963267948966,0.9971200502457942,0.9971200502457942,0.0,0,0,0,0,1,1,True
