qubits,error_budget,threshold_error,threshold_2q,threshold_swaps,threshold_depth,threshold_parameter,degree,degree_error,degree_2q,degree_swaps,degree_depth,selective_error,selective_2q,selective_swaps,selective_depth,selective_removed,selective_removed_count,candidate_count
3,0.01,8.881784197001252e-16,7,1,15,0,0,8.881784197001252e-16,7,1,15,8.881784197001252e-16,7,1,15,,0,1
3,0.05,8.881784197001252e-16,7,1,15,0,0,8.881784197001252e-16,7,1,15,8.881784197001252e-16,7,1,15,,0,1
3,0.1,8.881784197001252e-16,7,1,15,0,0,8.881784197001252e-16,7,1,15,8.881784197001252e-16,7,1,15,,0,1
3,0.2,0.10983495705504576,4,0,9,0.7853981633974483,1,0.10983495705504576,4,0,9,0.10983495705504576,4,0,9,0->2,1,2
4,0.01,8.881784197001252e-16,16,4,26,0,0,8.881784197001252e-16,16,4,26,8.881784197001252e-16,16,4,26,,0,1
4,0.05,0.028545175308268278,12,2,25,0.39269908169872414,1,0.028545175308268278,12,2,25,0.028545175308268278,12,2,25,0->3,1,2
4,0.1,0.028545175308268278,12,2,25,0.39269908169872414,1,0.028545175308268278,12,2,25,0.028545175308268278,12,2,25,0->3,1,2
4,0.2,0.028545175308268278,12,2,25,0.39269908169872414,2,0.1680245444836337,9,1,19,0.1680245444836337,9,1,19,"1->3,0->3",2,4
5,0.01,0.007205519848789144,26,8,42,0.19634954084936207,1,0.007205519848789144,26,8,42,0.007205519848789144,26,8,42,0->4,1,2
5,0.05,0.007205519848789144,26,8,42,0.19634954084936207,2,0.04480868064365495,21,5,36,0.04480868064365495,21,5,36,"1->4,0->4",2,4
5,0.1,0.08080914320417898,18,4,35,0.39269908169872414,3,0.08080914320417898,18,4,35,0.08080914320417898,18,4,35,"1->4,0->4,0->3",3,8
5,0.2,0.08080914320417898,18,4,35,0.39269908169872414,3,0.08080914320417898,18,4,35,0.08080914320417898,18,4,35,"1->4,0->4,0->3",3,8
6,0.01,0.0018057274979277338,42,14,54,0.09817477042468103,1,0.0018057274979277338,42,14,54,0.0018057274979277338,42,14,54,0->5,1,2
6,0.05,0.02085921101638788,36,12,54,0.19634954084936207,3,0.02085921101638788,36,12,54,0.02085921101638788,36,12,54,"1->5,0->5,0->4",3,8
6,0.1,0.02085921101638788,36,12,54,0.19634954084936207,4,0.062487373627220566,32,10,47,0.05344947116012366,32,8,49,"2->5,1->5,0->5",3,16
6,0.2,0.1439517584601756,24,6,45,0.39269908169872414,6,0.1439517584601756,24,6,45,0.1439517584601756,24,6,45,"2->5,1->5,0->5,1->4,0->4,0->3",6,64
8,0.01,0.009701758821987205,72,28,88,0.09817477042468103,6,0.009701758821987205,72,28,88,0.009701758821987205,72,28,88,"2->7,1->7,0->7,1->6,0->6,0->5",6,64
8,0.05,0.009701758821987205,72,28,88,0.09817477042468103,8,0.03383866170796401,65,25,72,0.03383866170796401,65,25,72,"3->7,2->7,1->7,0->7,2->6,1->6,0->6,0->5",8,256
8,0.1,0.057349805205511584,62,26,79,0.19634954084936207,10,0.057349805205511584,62,26,79,0.05025864516547396,61,23,75,"3->7,2->7,1->7,0->7,2->6,1->6,0->6,1->5,0->4",9,1024
8,0.2,0.057349805205511584,62,26,79,0.19634954084936207,13,0.19589599102830368,47,17,70,0.18590691209870458,47,15,72,"4->7,3->7,2->7,1->7,0->7,3->6,2->6,0->6,2->5,1->5,0->5,0->4",12,8192
